Filename,ML Task Feature (Additive - label),ML Task Feature (Additive - concentration),ML Task Feature (Additive - pKa (COOH group)),ML Task Feature (Additive - pKb (NH2 group)),ML Task Feature (Additive - pI),ML Task Feature (Additive - pKc (other group)),ML Task Target (Calcite unit-cell length a),ML Task Target (Calcite unit-cell length c),ML Task Target (Calcite phase present),ML Task Target (Vaterite unit-cell length a),ML Task Target (Vaterite unit-cell length c),ML Task Target (Vaterite phase present),ML Task Target (Degree of Crystallinity),Excluded (True/False),Split (train/test/validation)
578568-mythen_summed.xye,AdiAci,0,4.41,5.41,,,4.99646,17.05847,TRUE,,,FALSE,59.33704,False,
578569-mythen_summed.xye,AdiAci,0.2,4.41,5.41,,,4.99266,17.06417,TRUE,4.12708,8.47056,TRUE,60.97497,False,
578570-mythen_summed.xye,AdiAci,0.3,4.41,5.41,,,4.99251,17.06537,TRUE,4.12663,8.47351,TRUE,61.98826,False,
578571-mythen_summed.xye,AdiAci,0.4,4.41,5.41,,,4.99255,17.06367,TRUE,4.12723,8.47062,TRUE,58.49441,False,
578572-mythen_summed.xye,AdiAci,0.5,4.41,5.41,,,4.99151,17.08244,TRUE,4.12752,8.47219,TRUE,68.52662,False,
578573-mythen_summed.xye,AdiAci,0.6,4.41,5.41,,,4.99411,17.06105,TRUE,,,FALSE,61.03089,False,
578574-mythen_summed.xye,AdiAci,0.7,4.41,5.41,,,4.99286,17.06275,TRUE,4.12711,8.47122,TRUE,60.63909,False,
578575-mythen_summed.xye,AdiAci,0.8,4.41,5.41,,,4.99217,17.06549,TRUE,,,FALSE,60.22418,False,
578576-mythen_summed.xye,AdiAci,1,4.41,5.41,,,4.9907,17.07187,TRUE,4.12706,8.47088,TRUE,61.06441,False,
578728-mythen_summed.xye,AdiAci,0,4.41,5.41,,,4.9911,17.06857,TRUE,4.12786,8.4707,TRUE,60.90285,False,
578729-mythen_summed.xye,AdiAci,0.2,4.41,5.41,,,4.9926,17.06617,TRUE,4.12673,8.47324,TRUE,56.24491,False,
578731-mythen_summed.xye,AdiAci,0.4,4.41,5.41,,,4.99153,17.06769,TRUE,4.12762,8.47106,TRUE,56.4508,False,
578733-mythen_summed.xye,AdiAci,0.7,4.41,5.41,,,4.9924,17.06691,TRUE,4.12661,8.47305,TRUE,53.95204,False,
578734-mythen_summed.xye,AdiAci,0.8,4.41,5.41,,,4.99115,17.07374,TRUE,4.12723,8.46919,TRUE,66.95992,False,
578735-mythen_summed.xye,AdiAci,1,4.41,5.41,,,4.99155,17.06934,TRUE,4.1279,8.47085,TRUE,63.74159,False,
579124-mythen_summed.xye,AdiAci,0,4.41,5.41,,,4.99521,17.05942,TRUE,4.12869,8.47075,TRUE,61.73136,False,
579126-mythen_summed.xye,AdiAci,0.2,4.41,5.41,,,4.99279,17.06465,TRUE,4.12692,8.47343,TRUE,58.07575,False,
579127-mythen_summed.xye,AdiAci,0.3,4.41,5.41,,,4.99291,17.07158,TRUE,4.12771,8.474,TRUE,69.94932,False,
578661-mythen_summed.xye,Ala,0,2.33,9.71,6,,4.99698,17.05488,TRUE,4.12214,8.48079,TRUE,58.39003,False,
578662-mythen_summed.xye,Ala,0.25,2.33,9.71,6,,4.99688,17.05659,TRUE,4.12685,8.47225,TRUE,55.45621,False,
578663-mythen_summed.xye,Ala,0.5,2.33,9.71,6,,4.99597,17.0591,TRUE,4.12535,8.47152,TRUE,57.76826,False,
578664-mythen_summed.xye,Ala,0.75,2.33,9.71,6,,4.99618,17.06716,TRUE,4.12722,8.47425,TRUE,56.99211,False,
578665-mythen_summed.xye,Ala,1,2.33,9.71,6,,4.99557,17.06169,TRUE,4.12843,8.47068,TRUE,62.35062,False,
578823-mythen_summed.xye,Ala,0,2.33,9.71,6,,4.99611,17.05593,TRUE,,,FALSE,60.87227,False,
578824-mythen_summed.xye,Ala,0.25,2.33,9.71,6,,4.99723,17.05433,TRUE,4.12753,8.47169,TRUE,58.68329,False,
578825-mythen_summed.xye,Ala,0.5,2.33,9.71,6,,4.9942,17.06413,TRUE,4.12809,8.46979,TRUE,59.86951,False,
578826-mythen_summed.xye,Ala,0.75,2.33,9.71,6,,4.99673,17.06329,TRUE,4.12783,8.47336,TRUE,59.28234,False,
578828-mythen_summed.xye,Ala,1,2.33,9.71,6,,4.99538,17.06584,TRUE,4.12746,8.47305,TRUE,59.26895,False,
578829-mythen_summed.xye,Ala,1.25,2.33,9.71,6,,4.99633,17.07117,TRUE,4.12757,8.47378,TRUE,59.72965,False,
578830-mythen_summed.xye,Ala,1.5,2.33,9.71,6,,4.99445,17.08547,TRUE,4.12713,8.47404,TRUE,58.79485,False,
578831-mythen_summed.xye,Ala,1.75,2.33,9.71,6,,4.99564,17.07197,TRUE,4.12713,8.47382,TRUE,58.26742,False,
578832-mythen_summed.xye,Ala,2,2.33,9.71,6,,4.99606,17.07928,TRUE,4.12724,8.47497,TRUE,60.34896,False,
579038-mythen_summed.xye,Ala,0,2.33,9.71,6,,4.99771,17.05632,TRUE,4.12955,8.46824,TRUE,61.75266,False,
579039-mythen_summed.xye,Ala,0.25,2.33,9.71,6,,4.99551,17.05938,TRUE,4.1286,8.46844,TRUE,58.01382,False,
579040-mythen_summed.xye,Ala,0.5,2.33,9.71,6,,4.99544,17.06319,TRUE,4.12867,8.46897,TRUE,57.30407,False,
579041-mythen_summed.xye,Ala,0.75,2.33,9.71,6,,4.99499,17.06732,TRUE,4.12847,8.46965,TRUE,56.21191,False,
579042-mythen_summed.xye,Ala,1,2.33,9.71,6,,4.99506,17.06942,TRUE,4.12904,8.46943,TRUE,55.23457,False,
579043-mythen_summed.xye,Ala,1.25,2.33,9.71,6,,4.99363,17.06395,TRUE,4.12911,8.46891,TRUE,59.98591,False,
579044-mythen_summed.xye,Ala,1.5,2.33,9.71,6,,4.99462,17.07414,TRUE,4.1287,8.47007,TRUE,55.49155,False,
579045-mythen_summed.xye,Ala,1.75,2.33,9.71,6,,4.99537,17.06823,TRUE,4.12916,8.47032,TRUE,57.9792,False,
579046-mythen_summed.xye,Ala,2,2.33,9.71,6,,4.99739,17.0539,TRUE,4.1289,8.46718,TRUE,58.14557,False,
579177-mythen_summed.xye,Ala,0,2.33,9.71,6,,4.99386,17.06151,TRUE,4.12899,8.46748,TRUE,59.40222,False,
579178-mythen_summed.xye,Ala,0.25,2.33,9.71,6,,4.99237,17.0656,TRUE,4.12869,8.46834,TRUE,59.03792,False,
579179-mythen_summed.xye,Ala,0.5,2.33,9.71,6,,4.99248,17.06801,TRUE,4.12808,8.46986,TRUE,57.4995,False,
579180-mythen_summed.xye,Ala,0.75,2.33,9.71,6,,4.99377,17.0663,TRUE,4.12858,8.46881,TRUE,56.02136,False,
579182-mythen_summed.xye,Ala,1,2.33,9.71,6,,4.99321,17.0733,TRUE,,,FALSE,76.07531,False,
579183-mythen_summed.xye,Ala,1.25,2.33,9.71,6,,4.99059,17.07537,TRUE,4.12861,8.46775,TRUE,62.6024,False,
579185-mythen_summed.xye,Ala,1.75,2.33,9.71,6,,4.99473,17.06121,TRUE,4.12929,8.46897,TRUE,58.88214,False,
579186-mythen_summed.xye,Ala,2,2.33,9.71,6,,4.99321,17.07737,TRUE,4.12908,8.47071,TRUE,57.49241,False,
578603-mythen_summed.xye,Arg,0,2.03,9,10.76,12.1,4.99794,17.05265,TRUE,4.12792,8.47051,TRUE,62.08652,False,
578604-mythen_summed.xye,Arg,0.25,2.03,9,10.76,12.1,4.9986,17.05323,TRUE,4.12645,8.47507,TRUE,59.07214,False,
578605-mythen_summed.xye,Arg,0.5,2.03,9,10.76,12.1,4.99864,17.05164,TRUE,4.12486,8.47629,TRUE,58.732,False,
578606-mythen_summed.xye,Arg,0.75,2.03,9,10.76,12.1,4.99802,17.05598,TRUE,4.12869,8.47002,TRUE,58.63632,False,
578607-mythen_summed.xye,Arg,1,2.03,9,10.76,12.1,4.99724,17.05535,TRUE,4.12505,8.47755,TRUE,60.3538,False,
578608-mythen_summed.xye,Arg,1.25,2.03,9,10.76,12.1,4.99903,17.05557,TRUE,,,FALSE,65.11344,False,
578609-mythen_summed.xye,Arg,1.5,2.03,9,10.76,12.1,4.99538,17.06388,TRUE,,,FALSE,65.85548,False,
578610-mythen_summed.xye,Arg,1.75,2.03,9,10.76,12.1,4.99713,17.05645,TRUE,4.12877,8.46911,TRUE,58.89711,False,
578611-mythen_summed.xye,Arg,2,2.03,9,10.76,12.1,4.99897,17.05368,TRUE,4.12791,8.47174,TRUE,59.69131,False,
578967-mythen_summed.xye,Arg,0,2.03,9,10.76,12.1,4.99781,17.05493,TRUE,4.12648,8.4752,TRUE,64.50212,False,
578968-mythen_summed.xye,Arg,0.25,2.03,9,10.76,12.1,4.99993,17.05545,TRUE,4.12678,8.47697,TRUE,65.83859,False,
578969-mythen_summed.xye,Arg,0.5,2.03,9,10.76,12.1,4.99845,17.05288,TRUE,4.12573,8.47592,TRUE,56.61867,False,
578970-mythen_summed.xye,Arg,0.75,2.03,9,10.76,12.1,4.99898,17.0559,TRUE,4.12677,8.47471,TRUE,58.01703,False,
578971-mythen_summed.xye,Arg,1,2.03,9,10.76,12.1,4.99874,17.05046,TRUE,4.12559,8.47372,TRUE,58.0872,False,
578972-mythen_summed.xye,Arg,1.25,2.03,9,10.76,12.1,4.99927,17.0512,TRUE,4.1242,8.47864,TRUE,59.16563,False,
578973-mythen_summed.xye,Arg,1.5,2.03,9,10.76,12.1,5.0001,17.05453,TRUE,4.12598,8.47822,TRUE,64.60876,False,
578974-mythen_summed.xye,Arg,1.75,2.03,9,10.76,12.1,4.99816,17.05407,TRUE,4.12728,8.47362,TRUE,59.71182,False,
578975-mythen_summed.xye,Arg,2,2.03,9,10.76,12.1,5.00003,17.0559,TRUE,4.12709,8.4758,TRUE,67.69288,False,
579141-mythen_summed.xye,Arg,0,2.03,9,10.76,12.1,4.9958,17.05593,TRUE,4.12789,8.47058,TRUE,58.76082,False,
579142-mythen_summed.xye,Arg,0.5,2.03,9,10.76,12.1,4.99762,17.05524,TRUE,,,FALSE,62.0161,False,
579143-mythen_summed.xye,Arg,0.75,2.03,9,10.76,12.1,4.99507,17.05731,TRUE,,,FALSE,58.69758,False,
579144-mythen_summed.xye,Arg,1,2.03,9,10.76,12.1,4.99669,17.0577,TRUE,,,FALSE,61.25886,False,
579145-mythen_summed.xye,Arg,1.25,2.03,9,10.76,12.1,4.9974,17.05711,TRUE,4.12689,8.47481,TRUE,59.62096,False,
579146-mythen_summed.xye,Arg,1.5,2.03,9,10.76,12.1,4.99139,17.06868,TRUE,4.12755,8.46917,TRUE,56.91796,False,
579147-mythen_summed.xye,Arg,1.75,2.03,9,10.76,12.1,4.99835,17.05378,TRUE,,,FALSE,59.39875,False,
579148-mythen_summed.xye,Arg,2,2.03,9,10.76,12.1,4.99648,17.05571,TRUE,,,FALSE,59.02736,False,
578472-mythen_summed.xye,Asn,0,2.16,8.73,5.41,,4.99778,17.05465,TRUE,4.12727,8.47153,TRUE,59.49313,False,
578473-mythen_summed.xye,Asn,0.25,2.16,8.73,5.41,,4.99605,17.06981,TRUE,4.1269,8.47372,TRUE,56.7038,False,
578474-mythen_summed.xye,Asn,0.5,2.16,8.73,5.41,,4.995,17.07738,TRUE,4.12739,8.47297,TRUE,56.21504,False,
578475-mythen_summed.xye,Asn,0.75,2.16,8.73,5.41,,4.99425,17.07923,TRUE,4.12659,8.47382,TRUE,55.72644,False,
578476-mythen_summed.xye,Asn,1,2.16,8.73,5.41,,4.99275,17.07559,TRUE,4.12696,8.47331,TRUE,55.7295,False,
578477-mythen_summed.xye,Asn,1.25,2.16,8.73,5.41,,4.99252,17.07576,TRUE,4.12705,8.47344,TRUE,56.7598,False,
578480-mythen_summed.xye,Asn,2,2.16,8.73,5.41,,4.99186,17.08501,TRUE,4.12522,8.4775,TRUE,58.04553,False,
578807-mythen_summed.xye,Asn,0,2.16,8.73,5.41,,4.99764,17.05491,TRUE,4.12671,8.47326,TRUE,55.60865,False,
578808-mythen_summed.xye,Asn,0.25,2.16,8.73,5.41,,4.9958,17.06539,TRUE,4.12687,8.47265,TRUE,58.15357,False,
578809-mythen_summed.xye,Asn,0.5,2.16,8.73,5.41,,4.99518,17.07898,TRUE,4.12753,8.47133,TRUE,56.65707,False,
578810-mythen_summed.xye,Asn,0.75,2.16,8.73,5.41,,4.99356,17.0828,TRUE,4.12732,8.47117,TRUE,55.71717,False,
578811-mythen_summed.xye,Asn,1,2.16,8.73,5.41,,4.99356,17.08349,TRUE,4.12793,8.47156,TRUE,53.32147,False,
578812-mythen_summed.xye,Asn,1.25,2.16,8.73,5.41,,4.99346,17.08253,TRUE,4.12714,8.47515,TRUE,55.8917,False,
578813-mythen_summed.xye,Asn,1.5,2.16,8.73,5.41,,4.99334,17.08441,TRUE,4.1279,8.47246,TRUE,54.13927,False,
578814-mythen_summed.xye,Asn,1.75,2.16,8.73,5.41,,4.99361,17.08545,TRUE,4.12817,8.47313,TRUE,55.39828,False,
579021-mythen_summed.xye,Asn,0,2.16,8.73,5.41,,4.99537,17.05631,TRUE,4.12745,8.47116,TRUE,60.0252,False,
579022-mythen_summed.xye,Asn,0.25,2.16,8.73,5.41,,4.99483,17.07082,TRUE,4.12814,8.47186,TRUE,57.60967,False,
579023-mythen_summed.xye,Asn,0.5,2.16,8.73,5.41,,4.99491,17.08149,TRUE,4.12736,8.47256,TRUE,55.99577,False,
579024-mythen_summed.xye,Asn,0.75,2.16,8.73,5.41,,4.99405,17.07732,TRUE,4.1268,8.47432,TRUE,57.23498,False,
579025-mythen_summed.xye,Asn,1,2.16,8.73,5.41,,4.99338,17.07598,TRUE,4.12681,8.47484,TRUE,59.17479,False,
579026-mythen_summed.xye,Asn,1.25,2.16,8.73,5.41,,4.99338,17.07497,TRUE,4.12578,8.47659,TRUE,59.3879,False,
579027-mythen_summed.xye,Asn,1.5,2.16,8.73,5.41,,4.99305,17.07982,TRUE,4.12796,8.4733,TRUE,58.01099,False,
579028-mythen_summed.xye,Asn,0,2.16,8.73,5.41,,4.99758,17.05652,TRUE,,,FALSE,64.30738,False,
579029-mythen_summed.xye,Asn,0.25,2.16,8.73,5.41,,4.9954,17.06913,TRUE,4.12787,8.47241,TRUE,59.31202,False,
579030-mythen_summed.xye,Asn,0.5,2.16,8.73,5.41,,4.99559,17.08229,TRUE,,,FALSE,59.85527,False,
579031-mythen_summed.xye,Asn,0.75,2.16,8.73,5.41,,4.99622,17.07694,TRUE,,,FALSE,60.36355,False,
579032-mythen_summed.xye,Asn,1,2.16,8.73,5.41,,4.99447,17.08709,TRUE,4.12707,8.47583,TRUE,61.45765,False,
579033-mythen_summed.xye,Asn,1.25,2.16,8.73,5.41,,4.99251,17.0826,TRUE,4.12721,8.47554,TRUE,56.83352,False,
579034-mythen_summed.xye,Asn,1.5,2.16,8.73,5.41,,4.99322,17.08145,TRUE,4.1262,8.47671,TRUE,59.40839,False,
579035-mythen_summed.xye,Asn,1.75,2.16,8.73,5.41,,4.99245,17.07991,TRUE,4.12524,8.47612,TRUE,61.42006,False,
579036-mythen_summed.xye,Asn,2,2.16,8.73,5.41,,4.99203,17.08155,TRUE,4.12606,8.47662,TRUE,59.0956,False,
578412-mythen_summed.xye,Asp,0,1.95,9.66,2.77,3.71,4.99622,17.05396,TRUE,4.12702,8.47063,TRUE,58.15456,False,
578413-mythen_summed.xye,Asp,0.1,1.95,9.66,2.77,3.71,4.99475,17.07294,TRUE,4.12649,8.47354,TRUE,58.66647,False,
578414-mythen_summed.xye,Asp,0.2,1.95,9.66,2.77,3.71,4.99377,17.07959,TRUE,4.12562,8.47567,TRUE,55.97364,False,
578415-mythen_summed.xye,Asp,0.25,1.95,9.66,2.77,3.71,4.99274,17.08041,TRUE,4.12485,8.47719,TRUE,56.54851,False,
578416-mythen_summed.xye,Asp,0.3,1.95,9.66,2.77,3.71,4.99193,17.07893,TRUE,4.12553,8.47523,TRUE,57.43673,False,
578417-mythen_summed.xye,Asp,0.35,1.95,9.66,2.77,3.71,4.99357,17.09094,TRUE,4.12654,8.47324,TRUE,52.81863,False,
578418-mythen_summed.xye,Asp,0.4,1.95,9.66,2.77,3.71,4.99796,17.05843,TRUE,4.12717,8.47395,TRUE,60.41988,False,
578419-mythen_summed.xye,Asp,0.45,1.95,9.66,2.77,3.71,4.99048,17.07836,TRUE,4.12673,8.47296,TRUE,49.08324,False,
578420-mythen_summed.xye,Asp,0.5,1.95,9.66,2.77,3.71,4.99268,17.09653,TRUE,4.12771,8.47458,TRUE,52.29671,False,
578583-mythen_summed.xye,Asp,0,1.95,9.66,2.77,3.71,4.99368,17.06207,TRUE,,,FALSE,63.85901,False,
578584-mythen_summed.xye,Asp,0.1,1.95,9.66,2.77,3.71,4.99384,17.07813,TRUE,,,FALSE,55.76694,False,
578585-mythen_summed.xye,Asp,0.2,1.95,9.66,2.77,3.71,4.99265,17.06973,TRUE,,,FALSE,59.11851,False,
578586-mythen_summed.xye,Asp,0.25,1.95,9.66,2.77,3.71,4.99442,17.09038,TRUE,,,FALSE,55.0582,False,
578587-mythen_summed.xye,Asp,0.3,1.95,9.66,2.77,3.71,4.99222,17.06522,TRUE,4.11689,8.42952,TRUE,55.22786,False,
578588-mythen_summed.xye,Asp,0.35,1.95,9.66,2.77,3.71,4.99476,17.0787,TRUE,4.12753,8.47318,TRUE,55.9624,False,
578589-mythen_summed.xye,Asp,0.4,1.95,9.66,2.77,3.71,4.99383,17.08232,TRUE,4.12873,8.47377,TRUE,55.17408,False,
578590-mythen_summed.xye,Asp,0.45,1.95,9.66,2.77,3.71,4.98871,17.10174,TRUE,4.12849,8.47577,TRUE,51.87674,False,
578591-mythen_summed.xye,Asp,0.5,1.95,9.66,2.77,3.71,4.99,17.08622,TRUE,4.12537,8.47537,TRUE,62.89344,False,
578757-mythen_summed.xye,Asp,0,1.95,9.66,2.77,3.71,4.9983,17.05304,TRUE,4.12744,8.47121,TRUE,58.57857,False,
578758-mythen_summed.xye,Asp,0.1,1.95,9.66,2.77,3.71,4.99616,17.07486,TRUE,4.12642,8.47535,TRUE,58.19057,False,
578759-mythen_summed.xye,Asp,0.2,1.95,9.66,2.77,3.71,4.99318,17.09098,TRUE,4.12517,8.47766,TRUE,58.5391,False,
578760-mythen_summed.xye,Asp,0.25,1.95,9.66,2.77,3.71,4.99046,17.07086,TRUE,4.12473,8.47869,TRUE,58.59413,False,
578761-mythen_summed.xye,Asp,0.3,1.95,9.66,2.77,3.71,4.99334,17.09141,TRUE,4.12372,8.47953,TRUE,56.77858,False,
578762-mythen_summed.xye,Asp,0.35,1.95,9.66,2.77,3.71,4.99231,17.08257,TRUE,4.12579,8.47826,TRUE,74.14229,False,
578764-mythen_summed.xye,Asp,0.45,1.95,9.66,2.77,3.71,4.99167,17.09845,TRUE,4.1243,8.47883,TRUE,52.86206,False,
578948-mythen_summed.xye,Asp,0,1.95,9.66,2.77,3.71,4.99695,17.05508,TRUE,4.12792,8.47092,TRUE,58.93608,False,
578949-mythen_summed.xye,Asp,0.1,1.95,9.66,2.77,3.71,4.99678,17.06655,TRUE,4.12763,8.47432,TRUE,57.54525,False,
578950-mythen_summed.xye,Asp,0.2,1.95,9.66,2.77,3.71,4.99619,17.07691,TRUE,4.12688,8.47493,TRUE,56.91656,False,
578951-mythen_summed.xye,Asp,0.25,1.95,9.66,2.77,3.71,4.99383,17.08746,TRUE,4.12608,8.47758,TRUE,58.60577,False,
578952-mythen_summed.xye,Asp,0.3,1.95,9.66,2.77,3.71,4.9933,17.08781,TRUE,4.12661,8.47744,TRUE,59.5124,False,
578953-mythen_summed.xye,Asp,0.35,1.95,9.66,2.77,3.71,4.99231,17.07975,TRUE,4.12477,8.47898,TRUE,59.34432,False,
578954-mythen_summed.xye,Asp,0.4,1.95,9.66,2.77,3.71,4.99185,17.08566,TRUE,4.12588,8.47856,TRUE,59.49581,False,
578955-mythen_summed.xye,Asp,0.45,1.95,9.66,2.77,3.71,4.99366,17.08959,TRUE,4.12611,8.47788,TRUE,58.77764,False,
578956-mythen_summed.xye,Asp,0.5,1.95,9.66,2.77,3.71,4.99066,17.08865,TRUE,4.12511,8.47879,TRUE,56.36376,False,
578549-mythen_summed.xye,Cys,0,1.91,10.28,5.07,8.14,4.99502,17.05836,TRUE,4.12747,8.47188,TRUE,60.46568,True,
578550-mythen_summed.xye,Cys,0.25,1.91,10.28,5.07,8.14,4.99463,17.06282,TRUE,4.12746,8.47068,TRUE,59.50788,True,
578551-mythen_summed.xye,Cys,0.5,1.91,10.28,5.07,8.14,4.99438,17.06972,TRUE,4.12761,8.47053,TRUE,57.47624,True,
578552-mythen_summed.xye,Cys,0.75,1.91,10.28,5.07,8.14,4.99511,17.07286,TRUE,4.1276,8.47224,TRUE,57.50094,True,
578553-mythen_summed.xye,Cys,1,1.91,10.28,5.07,8.14,4.99401,17.08125,TRUE,4.12725,8.47165,TRUE,57.37222,True,
578554-mythen_summed.xye,Cys,1.25,1.91,10.28,5.07,8.14,4.99374,17.08329,TRUE,4.12721,8.47136,TRUE,57.24167,True,
578555-mythen_summed.xye,Cys,1.5,1.91,10.28,5.07,8.14,4.99401,17.08724,TRUE,4.12724,8.47359,TRUE,57.47582,True,
578556-mythen_summed.xye,Cys,1.75,1.91,10.28,5.07,8.14,4.99348,17.0851,TRUE,4.12788,8.47322,TRUE,59.12113,True,
578557-mythen_summed.xye,Cys,2,1.91,10.28,5.07,8.14,4.99391,17.08323,TRUE,4.12651,8.47341,TRUE,55.91183,True,
578719-mythen_summed.xye,Cys,0,1.91,10.28,5.07,8.14,4.99622,17.0577,TRUE,4.12839,8.47115,TRUE,57.69188,True,
578720-mythen_summed.xye,Cys,0.25,1.91,10.28,5.07,8.14,4.99632,17.06467,TRUE,4.12796,8.47246,TRUE,55.36109,True,
578721-mythen_summed.xye,Cys,0.5,1.91,10.28,5.07,8.14,4.99556,17.07467,TRUE,4.12759,8.47366,TRUE,58.78391,True,
578722-mythen_summed.xye,Cys,1.75,1.91,10.28,5.07,8.14,4.99307,17.08442,TRUE,4.12784,8.47271,TRUE,58.78138,True,
578723-mythen_summed.xye,Cys,2,1.91,10.28,5.07,8.14,4.99318,17.08321,TRUE,4.12732,8.47306,TRUE,53.98592,True,
578903-mythen_summed.xye,Cys,0,1.91,10.28,5.07,8.14,4.99849,17.05515,TRUE,4.12756,8.47358,TRUE,58.1868,True,
578904-mythen_summed.xye,Cys,0.25,1.91,10.28,5.07,8.14,4.99629,17.06688,TRUE,4.12781,8.47354,TRUE,60.00528,True,
578905-mythen_summed.xye,Cys,0.5,1.91,10.28,5.07,8.14,4.99593,17.07706,TRUE,4.12958,8.47126,TRUE,69.2154,True,
578906-mythen_summed.xye,Cys,0.75,1.91,10.28,5.07,8.14,4.99483,17.07949,TRUE,4.12853,8.47139,TRUE,57.49293,True,
578907-mythen_summed.xye,Cys,1,1.91,10.28,5.07,8.14,4.99484,17.08523,TRUE,4.12918,8.47184,TRUE,63.2273,True,
578908-mythen_summed.xye,Cys,1.25,1.91,10.28,5.07,8.14,4.99442,17.0873,TRUE,4.12904,8.47242,TRUE,63.66228,True,
578909-mythen_summed.xye,Cys,1.5,1.91,10.28,5.07,8.14,4.99361,17.08569,TRUE,4.12803,8.47286,TRUE,57.46293,True,
579107-mythen_summed.xye,Cys,0,1.91,10.28,5.07,8.14,4.99636,17.05361,TRUE,,,FALSE,58.48784,True,
579108-mythen_summed.xye,Cys,0.25,1.91,10.28,5.07,8.14,4.99535,17.06287,TRUE,4.12641,8.47289,TRUE,57.76344,True,
579109-mythen_summed.xye,Cys,0.5,1.91,10.28,5.07,8.14,4.99664,17.05515,TRUE,,,FALSE,59.03545,True,
579110-mythen_summed.xye,Cys,0.75,1.91,10.28,5.07,8.14,4.99496,17.08164,TRUE,4.12893,8.46849,TRUE,59.02954,True,
579111-mythen_summed.xye,Cys,1,1.91,10.28,5.07,8.14,4.99543,17.08321,TRUE,,,FALSE,97.91851,True,
579112-mythen_summed.xye,Cys,1.25,1.91,10.28,5.07,8.14,4.99504,17.07026,TRUE,4.12676,8.47258,TRUE,58.94097,True,
579113-mythen_summed.xye,Cys,1.5,1.91,10.28,5.07,8.14,4.99438,17.08004,TRUE,4.12663,8.47323,TRUE,57.41859,True,
579114-mythen_summed.xye,Cys,1.75,1.91,10.28,5.07,8.14,4.9931,17.08781,TRUE,4.12682,8.47341,TRUE,57.19932,True,
579115-mythen_summed.xye,Cys,2,1.91,10.28,5.07,8.14,4.99325,17.08858,TRUE,4.12693,8.47625,TRUE,55.35111,True,
578422-mythen_summed.xye,Glu,0,2.16,9.58,3.22,4.15,4.9964,17.05789,TRUE,4.1279,8.47377,TRUE,59.39268,False,
578423-mythen_summed.xye,Glu,0.1,2.16,9.58,3.22,4.15,4.99426,17.06425,TRUE,4.12586,8.47637,TRUE,57.23955,False,
578424-mythen_summed.xye,Glu,0.2,2.16,9.58,3.22,4.15,4.99351,17.0834,TRUE,4.12708,8.47409,TRUE,57.43384,False,
578425-mythen_summed.xye,Glu,0.25,2.16,9.58,3.22,4.15,4.99362,17.06476,TRUE,4.12348,8.48057,TRUE,60.40657,False,
578426-mythen_summed.xye,Glu,0.3,2.16,9.58,3.22,4.15,4.99314,17.09104,TRUE,,,FALSE,56.84504,False,
578427-mythen_summed.xye,Glu,0.35,2.16,9.58,3.22,4.15,4.99305,17.08884,TRUE,4.12739,8.47333,TRUE,56.81041,False,
578428-mythen_summed.xye,Glu,0.4,2.16,9.58,3.22,4.15,4.99264,17.09219,TRUE,4.12704,8.47471,TRUE,57.73498,False,
578429-mythen_summed.xye,Glu,0.45,2.16,9.58,3.22,4.15,4.99227,17.09363,TRUE,4.12622,8.47427,TRUE,58.9139,False,
578430-mythen_summed.xye,Glu,0.5,2.16,9.58,3.22,4.15,4.9916,17.11626,TRUE,4.12663,8.47498,TRUE,51.51262,False,
578593-mythen_summed.xye,Glu,0,2.16,9.58,3.22,4.15,4.99569,17.0598,TRUE,4.12741,8.47205,TRUE,56.34326,False,
578595-mythen_summed.xye,Glu,0.2,2.16,9.58,3.22,4.15,4.99114,17.07036,TRUE,4.12696,8.47348,TRUE,56.52244,False,
578596-mythen_summed.xye,Glu,0.25,2.16,9.58,3.22,4.15,4.99192,17.08664,TRUE,4.12705,8.47447,TRUE,66.56843,False,
578597-mythen_summed.xye,Glu,0.3,2.16,9.58,3.22,4.15,4.99385,17.09097,TRUE,4.12776,8.47588,TRUE,58.30495,False,
578598-mythen_summed.xye,Glu,0.35,2.16,9.58,3.22,4.15,4.99325,17.08272,TRUE,4.12545,8.47574,TRUE,60.32118,False,
578599-mythen_summed.xye,Glu,0.4,2.16,9.58,3.22,4.15,4.99244,17.09243,TRUE,4.12477,8.47832,TRUE,57.08204,False,
578600-mythen_summed.xye,Glu,0.45,2.16,9.58,3.22,4.15,4.99179,17.09785,TRUE,4.12652,8.47494,TRUE,54.81142,False,
578767-mythen_summed.xye,Glu,0,2.16,9.58,3.22,4.15,4.99145,17.09605,TRUE,4.12639,8.4745,TRUE,56.58602,False,
578768-mythen_summed.xye,Glu,0.1,2.16,9.58,3.22,4.15,4.99171,17.10183,TRUE,4.12648,8.47594,TRUE,58.71815,False,
578769-mythen_summed.xye,Glu,0.2,2.16,9.58,3.22,4.15,4.99774,17.05573,TRUE,4.1278,8.47208,TRUE,56.00106,False,
578770-mythen_summed.xye,Glu,0.25,2.16,9.58,3.22,4.15,4.99432,17.07524,TRUE,4.12769,8.47294,TRUE,59.90132,False,
578771-mythen_summed.xye,Glu,0.3,2.16,9.58,3.22,4.15,4.99384,17.08824,TRUE,4.12687,8.4744,TRUE,56.41244,False,
578772-mythen_summed.xye,Glu,0.35,2.16,9.58,3.22,4.15,4.99407,17.09526,TRUE,4.12745,8.47551,TRUE,59.28205,False,
578773-mythen_summed.xye,Glu,0.4,2.16,9.58,3.22,4.15,4.99336,17.09804,TRUE,4.12702,8.474,TRUE,58.52308,False,
578774-mythen_summed.xye,Glu,0.45,2.16,9.58,3.22,4.15,4.9936,17.0997,TRUE,4.12626,8.47535,TRUE,56.12889,False,
578775-mythen_summed.xye,Glu,0.5,2.16,9.58,3.22,4.15,4.99255,17.10218,TRUE,4.12558,8.47532,TRUE,71.35588,False,
578958-mythen_summed.xye,Glu,0,2.16,9.58,3.22,4.15,4.99229,17.08359,TRUE,4.126,8.47434,TRUE,59.48972,False,
578959-mythen_summed.xye,Glu,0.1,2.16,9.58,3.22,4.15,4.99271,17.09546,TRUE,4.12563,8.47648,TRUE,55.75392,False,
578960-mythen_summed.xye,Glu,0.2,2.16,9.58,3.22,4.15,4.99929,17.05095,TRUE,4.12701,8.47329,TRUE,56.18629,False,
578961-mythen_summed.xye,Glu,0.25,2.16,9.58,3.22,4.15,4.99651,17.06271,TRUE,4.12771,8.47207,TRUE,54.72669,False,
578962-mythen_summed.xye,Glu,0.3,2.16,9.58,3.22,4.15,4.99454,17.07689,TRUE,4.12732,8.47219,TRUE,57.33449,False,
578963-mythen_summed.xye,Glu,0.35,2.16,9.58,3.22,4.15,4.99368,17.08923,TRUE,4.1264,8.47433,TRUE,56.50068,False,
578964-mythen_summed.xye,Glu,0.4,2.16,9.58,3.22,4.15,4.99341,17.09047,TRUE,4.12557,8.47495,TRUE,56.08162,False,
579131-mythen_summed.xye,Glu,0,2.16,9.58,3.22,4.15,4.99278,17.09274,TRUE,4.12619,8.47446,TRUE,56.16686,False,
579132-mythen_summed.xye,Glu,0.1,2.16,9.58,3.22,4.15,4.99329,17.08175,TRUE,4.12798,8.47117,TRUE,58.76551,False,
579133-mythen_summed.xye,Glu,0.2,2.16,9.58,3.22,4.15,4.99666,17.05588,TRUE,4.12872,8.46956,TRUE,58.88644,False,
579134-mythen_summed.xye,Glu,0.25,2.16,9.58,3.22,4.15,4.99601,17.05674,TRUE,4.12846,8.46956,TRUE,54.09265,False,
579135-mythen_summed.xye,Glu,0.3,2.16,9.58,3.22,4.15,4.99794,17.05724,TRUE,4.12915,8.47007,TRUE,56.71922,False,
579136-mythen_summed.xye,Glu,0.35,2.16,9.58,3.22,4.15,4.99272,17.06597,TRUE,4.12939,8.46653,TRUE,59.24581,False,
579137-mythen_summed.xye,Glu,0.4,2.16,9.58,3.22,4.15,4.99638,17.05806,TRUE,4.12869,8.47025,TRUE,55.17047,False,
579138-mythen_summed.xye,Glu,0.45,2.16,9.58,3.22,4.15,4.99542,17.06105,TRUE,4.12954,8.46931,TRUE,54.90977,False,
579139-mythen_summed.xye,Glu,0.5,2.16,9.58,3.22,4.15,4.99566,17.05608,TRUE,4.12827,8.46927,TRUE,53.87015,False,
578651-mythen_summed.xye,Gln,0,2.16,9.58,3.22,4.15,4.99629,17.05944,TRUE,4.12961,8.469,TRUE,58.01544,False,
578652-mythen_summed.xye,Gln,0.2,2.16,9.58,3.22,4.15,4.99486,17.05806,TRUE,4.12872,8.46814,TRUE,56.69042,False,
578653-mythen_summed.xye,Gln,0.25,2.18,9,5.65,,4.99713,17.05228,TRUE,4.12568,8.47256,TRUE,55.65865,False,
578654-mythen_summed.xye,Gln,0.5,2.18,9,5.65,,4.99586,17.05952,TRUE,4.1276,8.47193,TRUE,56.56049,False,
578655-mythen_summed.xye,Gln,0.75,2.18,9,5.65,,4.99511,17.06146,TRUE,4.12616,8.47403,TRUE,57.39533,False,
578656-mythen_summed.xye,Gln,1,2.18,9,5.65,,4.99582,17.06586,TRUE,4.12652,8.47406,TRUE,56.68472,False,
578657-mythen_summed.xye,Gln,1.25,2.18,9,5.65,,4.99627,17.07278,TRUE,4.12841,8.47154,TRUE,57.51004,False,
578658-mythen_summed.xye,Gln,1.5,2.18,9,5.65,,4.99557,17.07564,TRUE,4.12652,8.47368,TRUE,55.34278,False,
578659-mythen_summed.xye,Gln,1.7,2.18,9,5.65,,4.99528,17.07603,TRUE,4.12669,8.47316,TRUE,57.91176,False,
578817-mythen_summed.xye,Gln,0.25,2.18,9,5.65,,4.99525,17.0809,TRUE,4.12713,8.47242,TRUE,65.63607,False,
578818-mythen_summed.xye,Gln,0.5,2.18,9,5.65,,4.99526,17.08434,TRUE,4.12677,8.47462,TRUE,64.32415,False,
578819-mythen_summed.xye,Gln,0.75,2.18,9,5.65,,4.99618,17.06673,TRUE,,,FALSE,100,False,
578820-mythen_summed.xye,Gln,1,2.18,9,5.65,,4.99605,17.07076,TRUE,4.12802,8.4749,TRUE,59.38323,False,
578821-mythen_summed.xye,Gln,1.5,2.18,9,5.65,,4.99669,17.06351,TRUE,,,FALSE,57.68564,False,
578822-mythen_summed.xye,Gln,1.7,2.18,9,5.65,,4.99571,17.07081,TRUE,4.1276,8.47335,TRUE,60.055,False,
579167-mythen_summed.xye,Gln,0,2.18,9,5.65,,4.99506,17.0783,TRUE,4.12663,8.47223,TRUE,57.77073,False,
579168-mythen_summed.xye,Gln,0.2,2.18,9,5.65,,4.99429,17.08258,TRUE,,,FALSE,58.76563,False,
579169-mythen_summed.xye,Gln,0.25,2.18,9,5.65,,4.99688,17.05536,TRUE,4.12767,8.47301,TRUE,59.53654,False,
579170-mythen_summed.xye,Gln,0.5,2.18,9,5.65,,4.9964,17.06108,TRUE,4.12716,8.47324,TRUE,61.1891,False,
579171-mythen_summed.xye,Gln,0.75,2.18,9,5.65,,4.99622,17.0617,TRUE,4.12698,8.47419,TRUE,57.75416,False,
579172-mythen_summed.xye,Gln,1,2.18,9,5.65,,4.99658,17.07,TRUE,4.12751,8.47497,TRUE,55.29503,False,
579173-mythen_summed.xye,Gln,1.25,2.18,9,5.65,,4.99517,17.07714,TRUE,4.1274,8.47383,TRUE,61.47879,False,
579174-mythen_summed.xye,Gln,1.5,2.18,9,5.65,,4.99494,17.07582,TRUE,4.12682,8.4733,TRUE,58.23245,False,
579175-mythen_summed.xye,Gln,1.7,2.18,9,5.65,,4.99596,17.08302,TRUE,4.12799,8.47409,TRUE,55.69205,False,
578530-mythen_summed.xye,Gly,0,2.18,9,5.65,,4.99561,17.08475,TRUE,4.12745,8.47432,TRUE,58.47913,False,
578531-mythen_summed.xye,Gly,0.25,2.18,9,5.65,,4.99462,17.08454,TRUE,4.12702,8.47233,TRUE,61.63226,False,
578532-mythen_summed.xye,Gly,0.5,2.34,9.58,5.97,,4.9957,17.05699,TRUE,4.12724,8.47112,TRUE,59.06292,False,
578533-mythen_summed.xye,Gly,0.75,2.34,9.58,5.97,,4.99597,17.06554,TRUE,4.12735,8.47353,TRUE,58.74591,False,
578534-mythen_summed.xye,Gly,1,2.34,9.58,5.97,,4.99524,17.06567,TRUE,4.12602,8.47471,TRUE,57.73229,False,
578535-mythen_summed.xye,Gly,1.25,2.34,9.58,5.97,,4.99636,17.08268,TRUE,4.12658,8.47526,TRUE,56.69882,False,
578536-mythen_summed.xye,Gly,1.5,2.34,9.58,5.97,,4.99588,17.08171,TRUE,4.1265,8.47487,TRUE,56.78035,False,
578537-mythen_summed.xye,Gly,1.75,2.34,9.58,5.97,,4.99498,17.08436,TRUE,4.12789,8.47384,TRUE,56.77387,False,
578701-mythen_summed.xye,Gly,0.25,2.34,9.58,5.97,,4.99415,17.08458,TRUE,4.12767,8.4725,TRUE,61.06827,False,
578703-mythen_summed.xye,Gly,0.75,2.34,9.58,5.97,,4.99408,17.08559,TRUE,4.12706,8.47456,TRUE,61.33711,False,
578704-mythen_summed.xye,Gly,1,2.34,9.58,5.97,,4.99565,17.05961,TRUE,4.12806,8.47261,TRUE,55.92146,False,
578705-mythen_summed.xye,Gly,1.25,2.34,9.58,5.97,,4.9947,17.06129,TRUE,4.12837,8.47069,TRUE,59.18059,False,
578706-mythen_summed.xye,Gly,1.5,2.34,9.58,5.97,,4.99161,17.06522,TRUE,4.12809,8.46991,TRUE,59.41851,False,
578707-mythen_summed.xye,Gly,1.75,2.34,9.58,5.97,,4.99482,17.06741,TRUE,4.12698,8.47443,TRUE,55.5282,False,
578883-mythen_summed.xye,Gly,0,2.34,9.58,5.97,,4.99686,17.06241,TRUE,4.12863,8.47232,TRUE,58.61663,False,
578884-mythen_summed.xye,Gly,0.25,2.34,9.58,5.97,,4.99467,17.06098,TRUE,4.12832,8.46943,TRUE,61.27171,False,
578885-mythen_summed.xye,Gly,0.5,2.34,9.58,5.97,,4.99692,17.05698,TRUE,4.1283,8.47151,TRUE,57.51555,False,
578886-mythen_summed.xye,Gly,0.75,2.34,9.58,5.97,,4.99556,17.09389,TRUE,4.12966,8.47291,TRUE,57.68903,False,
578887-mythen_summed.xye,Gly,1,2.34,9.58,5.97,,4.99629,17.07708,TRUE,4.12828,8.47119,TRUE,57.35525,False,
578888-mythen_summed.xye,Gly,1.25,2.34,9.58,5.97,,4.99589,17.07693,TRUE,4.12821,8.47105,TRUE,55.79937,False,
578889-mythen_summed.xye,Gly,1.5,2.34,9.58,5.97,,4.99511,17.08272,TRUE,4.12817,8.47216,TRUE,55.88579,False,
578890-mythen_summed.xye,Gly,1.75,2.34,9.58,5.97,,4.99451,17.08333,TRUE,4.12879,8.47117,TRUE,77.74826,False,
578891-mythen_summed.xye,Gly,2,2.34,9.58,5.97,,4.99413,17.08501,TRUE,4.12814,8.47232,TRUE,61.72296,False,
579093-mythen_summed.xye,Gly,0,2.34,9.58,5.97,,4.99505,17.08915,TRUE,4.12946,8.47336,TRUE,56.43458,False,
579094-mythen_summed.xye,Gly,0.25,2.34,9.58,5.97,,4.99467,17.08834,TRUE,4.1295,8.47271,TRUE,56.8322,False,
579095-mythen_summed.xye,Gly,0.5,2.34,9.58,5.97,,4.99354,17.06342,TRUE,4.12934,8.4677,TRUE,51.93493,False,
579096-mythen_summed.xye,Gly,0.75,2.34,9.58,5.97,,4.99727,17.06701,TRUE,4.12896,8.47177,TRUE,52.89019,False,
579097-mythen_summed.xye,Gly,1,2.34,9.58,5.97,,4.9949,17.0743,TRUE,4.12966,8.4706,TRUE,56.0998,False,
579098-mythen_summed.xye,Gly,1.25,2.34,9.58,5.97,,4.99509,17.0879,TRUE,4.12971,8.47178,TRUE,55.18176,False,
579099-mythen_summed.xye,Gly,1.5,2.34,9.58,5.97,,4.99608,17.09037,TRUE,4.12899,8.47246,TRUE,48.39494,False,
579100-mythen_summed.xye,Gly,1.75,2.34,9.58,5.97,,4.99471,17.08492,TRUE,4.1294,8.47168,TRUE,58.07728,False,
579101-mythen_summed.xye,Gly,2,2.34,9.58,5.97,,4.99496,17.0986,TRUE,4.12991,8.47075,TRUE,53.26375,False,
578566-mythen_summed.xye,GltAci,0,2.34,9.58,5.97,,4.99504,17.09123,TRUE,4.12998,8.47249,TRUE,55.75903,False,
578928-mythen_summed.xye,GltAci,0,2.34,9.58,5.97,,4.99484,17.09451,TRUE,4.12934,8.47146,TRUE,56.79768,False,
578929-mythen_summed.xye,GltAci,0.25,2.13,4.31,,9.67,4.99648,17.05481,TRUE,4.12746,8.47068,TRUE,60.23026,False,
578432-mythen_summed.xye,His,0,2.13,4.31,,9.67,4.99452,17.0609,TRUE,4.1281,8.47298,TRUE,60.68975,False,
578433-mythen_summed.xye,His,0.25,2.13,4.31,,9.67,4.99282,17.06723,TRUE,,,FALSE,58.37132,False,
578434-mythen_summed.xye,His,0.5,1.7,9.09,7.59,6.04,4.99787,17.05574,TRUE,,,FALSE,58.94052,False,
578435-mythen_summed.xye,His,0.75,1.7,9.09,7.59,6.04,4.99624,17.05812,TRUE,,,FALSE,58.66258,False,
578436-mythen_summed.xye,His,1,1.7,9.09,7.59,6.04,4.99605,17.06546,TRUE,,,FALSE,58.62431,False,
578437-mythen_summed.xye,His,1.25,1.7,9.09,7.59,6.04,4.99548,17.06786,TRUE,,,FALSE,54.40062,False,
578438-mythen_summed.xye,His,1.5,1.7,9.09,7.59,6.04,4.99473,17.0695,TRUE,4.12851,8.46836,TRUE,56.23863,False,
578439-mythen_summed.xye,His,1.75,1.7,9.09,7.59,6.04,4.99193,17.06889,TRUE,4.12854,8.46939,TRUE,59.82117,False,
578440-mythen_summed.xye,His,2,1.7,9.09,7.59,6.04,4.99504,17.07598,TRUE,4.12865,8.46939,TRUE,57.40382,False,
578613-mythen_summed.xye,His,0,1.7,9.09,7.59,6.04,4.9961,17.0819,TRUE,4.12945,8.47045,TRUE,59.7286,False,
578614-mythen_summed.xye,His,0.25,1.7,9.09,7.59,6.04,4.99465,17.0767,TRUE,4.12876,8.46997,TRUE,59.75526,False,
578615-mythen_summed.xye,His,0.5,1.7,9.09,7.59,6.04,4.99525,17.05752,TRUE,,,FALSE,62.27691,False,
578616-mythen_summed.xye,His,0.75,1.7,9.09,7.59,6.04,4.99427,17.06377,TRUE,,,FALSE,63.0176,False,
578617-mythen_summed.xye,His,1.25,1.7,9.09,7.59,6.04,4.99363,17.0672,TRUE,4.12885,8.46883,TRUE,56.61859,False,
578618-mythen_summed.xye,His,1.5,1.7,9.09,7.59,6.04,4.99409,17.07446,TRUE,4.1283,8.47195,TRUE,55.04136,False,
578619-mythen_summed.xye,His,1.75,1.7,9.09,7.59,6.04,4.99302,17.07391,TRUE,4.12819,8.47003,TRUE,57.82623,False,
578620-mythen_summed.xye,His,2,1.7,9.09,7.59,6.04,4.99289,17.07495,TRUE,4.12849,8.4699,TRUE,55.7899,False,
578777-mythen_summed.xye,His,0,1.7,9.09,7.59,6.04,4.99474,17.08208,TRUE,4.12859,8.47016,TRUE,59.55584,False,
578778-mythen_summed.xye,His,0.25,1.7,9.09,7.59,6.04,4.9934,17.08564,TRUE,4.1272,8.47314,TRUE,59.13967,False,
578779-mythen_summed.xye,His,0.5,1.7,9.09,7.59,6.04,4.99526,17.05958,TRUE,4.12829,8.46584,TRUE,58.80004,False,
578780-mythen_summed.xye,His,0.75,1.7,9.09,7.59,6.04,4.99566,17.06182,TRUE,4.12872,8.46781,TRUE,59.79325,False,
578781-mythen_summed.xye,His,1,1.7,9.09,7.59,6.04,4.99436,17.06495,TRUE,4.12777,8.47049,TRUE,58.30449,False,
578782-mythen_summed.xye,His,1.25,1.7,9.09,7.59,6.04,4.99607,17.07223,TRUE,4.12851,8.47211,TRUE,55.2219,False,
578783-mythen_summed.xye,His,1.5,1.7,9.09,7.59,6.04,4.99502,17.07079,TRUE,4.12767,8.47142,TRUE,58.02704,False,
578784-mythen_summed.xye,His,1.75,1.7,9.09,7.59,6.04,4.99526,17.07687,TRUE,4.12805,8.47078,TRUE,56.36762,False,
578785-mythen_summed.xye,His,2,1.7,9.09,7.59,6.04,4.99526,17.07986,TRUE,4.12717,8.47305,TRUE,57.9451,False,
578977-mythen_summed.xye,His,0,1.7,9.09,7.59,6.04,4.99467,17.0801,TRUE,4.1281,8.47011,TRUE,66.31452,False,
578978-mythen_summed.xye,His,0.25,1.7,9.09,7.59,6.04,4.99481,17.07737,TRUE,4.12688,8.47227,TRUE,55.60946,False,
578979-mythen_summed.xye,His,0.5,1.7,9.09,7.59,6.04,4.99863,17.05738,TRUE,4.12753,8.47572,TRUE,59.35391,False,
578980-mythen_summed.xye,His,0.75,1.7,9.09,7.59,6.04,4.9956,17.06031,TRUE,4.12743,8.47201,TRUE,56.43134,False,
578981-mythen_summed.xye,His,1,1.7,9.09,7.59,6.04,4.99667,17.06825,TRUE,4.12797,8.47415,TRUE,54.22752,False,
578982-mythen_summed.xye,His,1.25,1.7,9.09,7.59,6.04,4.99524,17.07102,TRUE,4.12666,8.47427,TRUE,55.4106,False,
578984-mythen_summed.xye,His,1.75,1.7,9.09,7.59,6.04,4.99506,17.0731,TRUE,4.1273,8.47224,TRUE,55.87652,False,
579150-mythen_summed.xye,His,0,1.7,9.09,7.59,6.04,4.99502,17.07734,TRUE,4.126,8.47494,TRUE,74.08128,False,
579151-mythen_summed.xye,His,0.5,1.7,9.09,7.59,6.04,4.99496,17.08166,TRUE,4.12592,8.47489,TRUE,60.17736,False,
579152-mythen_summed.xye,His,0.75,1.7,9.09,7.59,6.04,4.99132,17.08119,TRUE,,,FALSE,59.3014,False,
579153-mythen_summed.xye,His,1.5,1.7,9.09,7.59,6.04,4.9949,17.06658,TRUE,4.12874,8.46965,TRUE,62.26214,False,
579154-mythen_summed.xye,His,1.75,1.7,9.09,7.59,6.04,4.9948,17.07172,TRUE,4.12888,8.47176,TRUE,54.51678,False,
579155-mythen_summed.xye,His,2,1.7,9.09,7.59,6.04,4.99574,17.07966,TRUE,4.12868,8.47221,TRUE,58.78504,False,
578676-mythen_summed.xye,Ile,0,1.7,9.09,7.59,6.04,4.9949,17.0813,TRUE,4.12818,8.47099,TRUE,59.97557,True,
578677-mythen_summed.xye,Ile,0.25,1.7,9.09,7.59,6.04,4.99539,17.08459,TRUE,4.12869,8.47152,TRUE,60.47304,True,
578678-mythen_summed.xye,Ile,0.5,2.26,9.6,6.02,,4.99692,17.05645,TRUE,4.12732,8.47342,TRUE,59.2742,True,
578679-mythen_summed.xye,Ile,0.75,2.26,9.6,6.02,,4.99478,17.06408,TRUE,4.12797,8.47223,TRUE,58.91449,True,
578680-mythen_summed.xye,Ile,1,2.26,9.6,6.02,,4.99548,17.05923,TRUE,4.12788,8.47157,TRUE,60.6609,True,
578681-mythen_summed.xye,Ile,1.25,2.26,9.6,6.02,,4.99509,17.05972,TRUE,4.12741,8.47035,TRUE,65.51734,True,
578682-mythen_summed.xye,Ile,1.5,2.26,9.6,6.02,,4.99596,17.06272,TRUE,4.12835,8.47096,TRUE,58.4297,True,
578683-mythen_summed.xye,Ile,1.75,2.26,9.6,6.02,,4.99596,17.06444,TRUE,4.12778,8.47542,TRUE,58.53728,True,
578843-mythen_summed.xye,Ile,0,2.26,9.6,6.02,,4.99578,17.06141,TRUE,4.1269,8.47195,TRUE,58.59113,True,
578844-mythen_summed.xye,Ile,0.25,2.26,9.6,6.02,,4.99676,17.06297,TRUE,4.12715,8.47584,TRUE,60.18669,True,
578845-mythen_summed.xye,Ile,0.5,2.26,9.6,6.02,,4.99563,17.0554,TRUE,4.1277,8.4694,TRUE,58.96898,True,
578846-mythen_summed.xye,Ile,0.75,2.26,9.6,6.02,,4.99549,17.05885,TRUE,4.12785,8.47105,TRUE,58.98068,True,
578847-mythen_summed.xye,Ile,1,2.26,9.6,6.02,,4.99681,17.06021,TRUE,4.12771,8.47428,TRUE,65.7305,True,
578848-mythen_summed.xye,Ile,1.25,2.26,9.6,6.02,,4.99628,17.05901,TRUE,4.12772,8.47172,TRUE,58.87306,True,
578849-mythen_summed.xye,Ile,1.5,2.26,9.6,6.02,,4.99643,17.06064,TRUE,,,FALSE,60.32728,True,
578850-mythen_summed.xye,Ile,1.75,2.26,9.6,6.02,,4.99581,17.0599,TRUE,4.12804,8.47017,TRUE,56.04382,True,
578851-mythen_summed.xye,Ile,2,2.26,9.6,6.02,,4.99558,17.05858,TRUE,4.12624,8.47086,TRUE,56.24793,True,
579058-mythen_summed.xye,Ile,0,2.26,9.6,6.02,,4.99606,17.06125,TRUE,4.12759,8.47289,TRUE,63.35781,True,
579059-mythen_summed.xye,Ile,0.25,2.26,9.6,6.02,,4.99632,17.06285,TRUE,4.12766,8.47373,TRUE,57.21768,True,
579060-mythen_summed.xye,Ile,0.5,2.26,9.6,6.02,,4.99722,17.05752,TRUE,,,FALSE,62.50017,True,
579061-mythen_summed.xye,Ile,0.75,2.26,9.6,6.02,,4.99608,17.05767,TRUE,4.12835,8.47005,TRUE,59.76814,True,
579062-mythen_summed.xye,Ile,1,2.26,9.6,6.02,,4.99761,17.06046,TRUE,4.12916,8.47059,TRUE,61.68869,True,
579063-mythen_summed.xye,Ile,1.25,2.26,9.6,6.02,,4.99631,17.05873,TRUE,4.12858,8.46981,TRUE,56.09349,True,
579064-mythen_summed.xye,Ile,1.5,2.26,9.6,6.02,,4.99482,17.0618,TRUE,,,FALSE,69.5446,True,
579065-mythen_summed.xye,Ile,1.75,2.26,9.6,6.02,,4.99547,17.05977,TRUE,4.12814,8.4711,TRUE,57.5568,True,
579066-mythen_summed.xye,Ile,2,2.26,9.6,6.02,,4.99672,17.0644,TRUE,4.12779,8.47536,TRUE,62.76197,True,
578492-mythen_summed.xye,Leu,0,2.26,9.6,6.02,,4.99632,17.06208,TRUE,4.12862,8.47036,TRUE,56.13872,False,
578493-mythen_summed.xye,Leu,0.1,2.26,9.6,6.02,,4.9964,17.06342,TRUE,4.12892,8.47095,TRUE,58.43571,False,
578494-mythen_summed.xye,Leu,0.25,2.32,9.58,5.98,,4.99778,17.05237,TRUE,4.12749,8.47136,TRUE,56.2976,False,
578495-mythen_summed.xye,Leu,0.5,2.32,9.58,5.98,,4.99697,17.0576,TRUE,4.12877,8.47021,TRUE,55.39026,False,
578496-mythen_summed.xye,Leu,0.75,2.32,9.58,5.98,,4.9961,17.05681,TRUE,4.12829,8.47015,TRUE,54.55372,False,
578498-mythen_summed.xye,Leu,1.25,2.32,9.58,5.98,,4.99626,17.05943,TRUE,4.12728,8.47335,TRUE,59.97836,False,
578499-mythen_summed.xye,Leu,1.5,2.32,9.58,5.98,,4.99507,17.05941,TRUE,4.1282,8.4694,TRUE,53.9854,False,
578500-mythen_summed.xye,Leu,1.75,2.32,9.58,5.98,,4.99591,17.06233,TRUE,4.12741,8.47386,TRUE,51.59916,False,
578684-mythen_summed.xye,Leu,0,2.32,9.58,5.98,,4.99634,17.06077,TRUE,4.12746,8.47217,TRUE,63.32284,False,
578685-mythen_summed.xye,Leu,0.1,2.32,9.58,5.98,,4.99494,17.06548,TRUE,4.12796,8.47131,TRUE,60.75553,False,
578686-mythen_summed.xye,Leu,0.25,2.32,9.58,5.98,,4.99419,17.0698,TRUE,4.12671,8.4735,TRUE,58.97513,False,
578687-mythen_summed.xye,Leu,0.5,2.32,9.58,5.98,,4.99559,17.06198,TRUE,,,FALSE,64.3922,False,
578688-mythen_summed.xye,Leu,0.75,2.32,9.58,5.98,,4.99503,17.06007,TRUE,4.12477,8.47067,TRUE,60.73985,False,
578689-mythen_summed.xye,Leu,1,2.32,9.58,5.98,,4.99466,17.07945,TRUE,4.12626,8.47751,TRUE,59.71161,False,
578690-mythen_summed.xye,Leu,1.25,2.32,9.58,5.98,,4.99557,17.06371,TRUE,,,FALSE,58.42698,False,
578853-mythen_summed.xye,Leu,0,2.32,9.58,5.98,,4.99461,17.07368,TRUE,,,FALSE,59.82663,False,
578854-mythen_summed.xye,Leu,0.1,2.32,9.58,5.98,,4.99429,17.0726,TRUE,4.12539,8.47314,TRUE,59.09926,False,
578855-mythen_summed.xye,Leu,0.25,2.32,9.58,5.98,,4.99646,17.0561,TRUE,4.12727,8.47242,TRUE,53.7177,False,
578857-mythen_summed.xye,Leu,0.75,2.32,9.58,5.98,,4.99556,17.05734,TRUE,,,FALSE,58.87739,False,
578858-mythen_summed.xye,Leu,1,2.32,9.58,5.98,,4.99625,17.0575,TRUE,,,FALSE,57.66993,False,
578859-mythen_summed.xye,Leu,1.25,2.32,9.58,5.98,,4.99669,17.06299,TRUE,4.12805,8.47359,TRUE,61.31421,False,
578860-mythen_summed.xye,Leu,1.5,2.32,9.58,5.98,,4.99616,17.05942,TRUE,4.12752,8.47144,TRUE,54.82711,False,
578861-mythen_summed.xye,Leu,1.75,2.32,9.58,5.98,,4.99634,17.06193,TRUE,4.12801,8.47345,TRUE,58.29631,False,
579068-mythen_summed.xye,Leu,0,2.32,9.58,5.98,,4.99426,17.06513,TRUE,4.12809,8.47143,TRUE,60.25097,False,
579069-mythen_summed.xye,Leu,0.1,2.32,9.58,5.98,,4.99486,17.06429,TRUE,4.12778,8.47145,TRUE,59.33805,False,
579070-mythen_summed.xye,Leu,0.25,2.32,9.58,5.98,,4.99519,17.05797,TRUE,4.12769,8.4715,TRUE,57.27648,False,
579071-mythen_summed.xye,Leu,0.5,2.32,9.58,5.98,,4.99559,17.05963,TRUE,4.12815,8.47155,TRUE,59.57573,False,
579072-mythen_summed.xye,Leu,0.75,2.32,9.58,5.98,,4.99554,17.05791,TRUE,4.12769,8.47042,TRUE,66.71681,False,
579073-mythen_summed.xye,Leu,1,2.32,9.58,5.98,,4.9955,17.06093,TRUE,4.12761,8.4712,TRUE,60.91663,False,
579074-mythen_summed.xye,Leu,1.25,2.32,9.58,5.98,,4.99628,17.06485,TRUE,,,FALSE,99.71167,False,
579075-mythen_summed.xye,Leu,1.5,2.32,9.58,5.98,,4.99643,17.06141,TRUE,4.12728,8.4753,TRUE,59.30115,False,
579076-mythen_summed.xye,Leu,1.75,2.32,9.58,5.98,,4.99697,17.06517,TRUE,,,FALSE,62.68987,False,
578442-mythen_summed.xye,Lys,0,2.32,9.58,5.98,,4.99597,17.06207,TRUE,4.12865,8.47104,TRUE,56.53434,False,
578443-mythen_summed.xye,Lys,0.25,2.32,9.58,5.98,,4.99628,17.06795,TRUE,4.12908,8.47125,TRUE,59.05876,False,
578444-mythen_summed.xye,Lys,0.5,2.15,9.16,9.74,10.67,4.99833,17.05204,TRUE,,,FALSE,63.25415,False,
578445-mythen_summed.xye,Lys,0.75,2.15,9.16,9.74,10.67,4.99778,17.05276,TRUE,4.12827,8.46863,TRUE,58.09164,False,
578446-mythen_summed.xye,Lys,1,2.15,9.16,9.74,10.67,4.99901,17.05445,TRUE,4.12756,8.47518,TRUE,60.96135,False,
578447-mythen_summed.xye,Lys,1.25,2.15,9.16,9.74,10.67,4.99824,17.0526,TRUE,4.12691,8.47178,TRUE,58.20613,False,
578448-mythen_summed.xye,Lys,1.5,2.15,9.16,9.74,10.67,4.99726,17.05735,TRUE,4.12821,8.47049,TRUE,58.38268,False,
578449-mythen_summed.xye,Lys,1.75,2.15,9.16,9.74,10.67,4.99813,17.05517,TRUE,4.12664,8.47185,TRUE,57.72588,False,
578450-mythen_summed.xye,Lys,2,2.15,9.16,9.74,10.67,4.99825,17.05475,TRUE,4.12613,8.47339,TRUE,57.63742,False,
578622-mythen_summed.xye,Lys,0,2.15,9.16,9.74,10.67,4.9974,17.05612,TRUE,4.12666,8.47317,TRUE,68.06393,False,
578623-mythen_summed.xye,Lys,0.5,2.15,9.16,9.74,10.67,4.9985,17.0555,TRUE,4.126,8.47538,TRUE,57.58834,False,
578624-mythen_summed.xye,Lys,0.75,2.15,9.16,9.74,10.67,4.99799,17.0585,TRUE,,,FALSE,61.42297,False,
578625-mythen_summed.xye,Lys,1,2.15,9.16,9.74,10.67,4.99847,17.05534,TRUE,4.12711,8.47186,TRUE,59.95159,False,
578626-mythen_summed.xye,Lys,1.25,2.15,9.16,9.74,10.67,4.99564,17.06226,TRUE,,,FALSE,61.88053,False,
578627-mythen_summed.xye,Lys,1.5,2.15,9.16,9.74,10.67,4.9973,17.05719,TRUE,,,FALSE,59.77006,False,
578628-mythen_summed.xye,Lys,1.75,2.15,9.16,9.74,10.67,4.9964,17.0632,TRUE,,,FALSE,61.17408,False,
578629-mythen_summed.xye,Lys,2,2.15,9.16,9.74,10.67,4.99685,17.06038,TRUE,,,FALSE,59.13559,False,
578787-mythen_summed.xye,Lys,0,2.15,9.16,9.74,10.67,4.99742,17.05716,TRUE,,,FALSE,61.74207,False,
578788-mythen_summed.xye,Lys,0.25,2.15,9.16,9.74,10.67,4.99724,17.05714,TRUE,,,FALSE,65.04222,False,
578789-mythen_summed.xye,Lys,0.5,2.15,9.16,9.74,10.67,4.99778,17.05639,TRUE,,,FALSE,57.94592,False,
578790-mythen_summed.xye,Lys,0.75,2.15,9.16,9.74,10.67,4.99905,17.05727,TRUE,4.12908,8.47278,TRUE,58.6134,False,
578791-mythen_summed.xye,Lys,1,2.15,9.16,9.74,10.67,4.99722,17.05814,TRUE,4.12799,8.46987,TRUE,59.32007,False,
578792-mythen_summed.xye,Lys,1.25,2.15,9.16,9.74,10.67,4.99823,17.0581,TRUE,,,FALSE,57.56722,False,
578793-mythen_summed.xye,Lys,1.5,2.15,9.16,9.74,10.67,4.99812,17.05838,TRUE,4.12795,8.47156,TRUE,57.69384,False,
578794-mythen_summed.xye,Lys,1.75,2.15,9.16,9.74,10.67,4.99799,17.05798,TRUE,4.12711,8.47301,TRUE,57.75108,False,
578795-mythen_summed.xye,Lys,2,2.15,9.16,9.74,10.67,4.99841,17.05661,TRUE,,,FALSE,58.19949,False,
578987-mythen_summed.xye,Lys,0,2.15,9.16,9.74,10.67,4.99844,17.05734,TRUE,4.12718,8.47181,TRUE,64.69651,False,
578988-mythen_summed.xye,Lys,0.25,2.15,9.16,9.74,10.67,4.99732,17.05911,TRUE,4.12691,8.4731,TRUE,64.03052,False,
578989-mythen_summed.xye,Lys,0.5,2.15,9.16,9.74,10.67,4.99755,17.05725,TRUE,4.12818,8.47206,TRUE,57.91379,False,
578990-mythen_summed.xye,Lys,0.75,2.15,9.16,9.74,10.67,4.9971,17.05783,TRUE,,,FALSE,57.66038,False,
578991-mythen_summed.xye,Lys,1,2.15,9.16,9.74,10.67,4.99686,17.05506,TRUE,4.12714,8.47168,TRUE,62.9408,False,
578992-mythen_summed.xye,Lys,1.25,2.15,9.16,9.74,10.67,4.99773,17.05692,TRUE,4.12763,8.47292,TRUE,59.73117,False,
578993-mythen_summed.xye,Lys,1.5,2.15,9.16,9.74,10.67,4.99878,17.05762,TRUE,4.12746,8.47368,TRUE,57.83298,False,
578994-mythen_summed.xye,Lys,1.75,2.15,9.16,9.74,10.67,4.99822,17.05695,TRUE,4.12732,8.47379,TRUE,58.34404,False,
578995-mythen_summed.xye,Lys,2,2.15,9.16,9.74,10.67,4.99745,17.0573,TRUE,4.1268,8.4731,TRUE,59.11837,False,
578559-mythen_summed.xye,MalAci,0,2.15,9.16,9.74,10.67,4.99748,17.05728,TRUE,4.12693,8.47266,TRUE,60.52743,False,
578560-mythen_summed.xye,MalAci,0.25,2.15,9.16,9.74,10.67,4.99764,17.05586,TRUE,4.12621,8.47413,TRUE,53.43846,False,
578561-mythen_summed.xye,MalAci,0.5,2.85,5.7,,,4.99326,17.06064,TRUE,4.1266,8.47157,TRUE,56.10339,False,
578562-mythen_summed.xye,MalAci,1,2.85,5.7,,,4.99078,17.07894,TRUE,4.12662,8.47328,TRUE,60.33235,False,
578913-mythen_summed.xye,MalAci,0,2.85,5.7,,,4.99175,17.06459,TRUE,4.12464,8.47219,TRUE,60.48152,False,
578914-mythen_summed.xye,MalAci,0.25,2.85,5.7,,,4.996,17.05748,TRUE,,,FALSE,59.09402,False,
578915-mythen_summed.xye,MalAci,0.5,2.85,5.7,,,4.99735,17.05799,TRUE,4.12621,8.47674,TRUE,60.1033,False,
578916-mythen_summed.xye,MalAci,0.75,2.85,5.7,,,4.99204,17.06639,TRUE,4.12465,8.47761,TRUE,40.49199,False,
579117-mythen_summed.xye,MalAci,0,2.85,5.7,,,4.98677,17.06991,TRUE,4.1253,8.47839,TRUE,60.6962,False,
579118-mythen_summed.xye,MalAci,0.25,2.85,5.7,,,4.99433,17.06288,TRUE,4.12421,8.48265,TRUE,57.24491,False,
579119-mythen_summed.xye,MalAci,1.25,2.85,5.7,,,4.99607,17.05805,TRUE,4.12714,8.47481,TRUE,55.45997,False,
578502-mythen_summed.xye,Met,0,2.85,5.7,,,4.99305,17.07754,TRUE,4.12794,8.47089,TRUE,57.98306,False,
578503-mythen_summed.xye,Met,0.25,2.85,5.7,,,4.99289,17.07458,TRUE,4.12715,8.47283,TRUE,59.19492,False,
578504-mythen_summed.xye,Met,0.5,2.16,9.08,5.74,,4.99582,17.05555,TRUE,4.12653,8.47371,TRUE,63.50548,False,
578505-mythen_summed.xye,Met,0.75,2.16,9.08,5.74,,4.99554,17.05751,TRUE,4.12671,8.47212,TRUE,58.27434,False,
578506-mythen_summed.xye,Met,1,2.16,9.08,5.74,,4.99647,17.06483,TRUE,4.1276,8.47438,TRUE,58.39304,False,
578507-mythen_summed.xye,Met,1.25,2.16,9.08,5.74,,4.99577,17.06626,TRUE,4.12764,8.47201,TRUE,56.23873,False,
578508-mythen_summed.xye,Met,1.5,2.16,9.08,5.74,,4.99539,17.05903,TRUE,4.12726,8.47084,TRUE,61.10093,False,
578509-mythen_summed.xye,Met,1.75,2.16,9.08,5.74,,4.99576,17.06969,TRUE,4.12747,8.47196,TRUE,56.35445,False,
578510-mythen_summed.xye,Met,2,2.16,9.08,5.74,,4.99611,17.07614,TRUE,4.12713,8.47459,TRUE,57.41805,False,
579078-mythen_summed.xye,Met,0,2.16,9.08,5.74,,4.99507,17.07701,TRUE,4.12649,8.47307,TRUE,61.99766,False,
579079-mythen_summed.xye,Met,0.25,2.16,9.08,5.74,,4.99528,17.07907,TRUE,4.12672,8.4735,TRUE,59.90144,False,
579080-mythen_summed.xye,Met,0.5,2.16,9.08,5.74,,4.99804,17.0554,TRUE,,,FALSE,61.792,False,
579081-mythen_summed.xye,Met,0.75,2.16,9.08,5.74,,4.99622,17.05835,TRUE,4.12764,8.47159,TRUE,61.42355,False,
579082-mythen_summed.xye,Met,1,2.16,9.08,5.74,,4.99669,17.06312,TRUE,4.1278,8.47266,TRUE,57.19552,False,
579083-mythen_summed.xye,Met,1.25,2.16,9.08,5.74,,4.9964,17.06868,TRUE,,,FALSE,60.77589,False,
579084-mythen_summed.xye,Met,1.5,2.16,9.08,5.74,,4.99511,17.07965,TRUE,4.12747,8.47185,TRUE,58.27623,False,
579085-mythen_summed.xye,Met,1.75,2.16,9.08,5.74,,4.99557,17.07293,TRUE,4.12769,8.4725,TRUE,57.95465,False,
579086-mythen_summed.xye,Met,2,2.16,9.08,5.74,,4.9952,17.07398,TRUE,4.12716,8.47229,TRUE,57.18531,False,
578512-mythen_summed.xye,Phe,0,2.16,9.08,5.74,,4.9955,17.07789,TRUE,4.12768,8.47152,TRUE,58.04014,False,
578513-mythen_summed.xye,Phe,0.1,2.16,9.08,5.74,,4.99553,17.07934,TRUE,4.128,8.47241,TRUE,59.43842,False,
578514-mythen_summed.xye,Phe,0.25,2.18,9.09,5.48,,4.99658,17.05542,TRUE,4.12617,8.47262,TRUE,55.93626,False,
578515-mythen_summed.xye,Phe,0.5,2.18,9.09,5.48,,4.99611,17.06178,TRUE,4.12731,8.47378,TRUE,56.55997,False,
578516-mythen_summed.xye,Phe,0.75,2.18,9.09,5.48,,4.99265,17.06667,TRUE,4.127,8.47097,TRUE,57.99647,False,
578517-mythen_summed.xye,Phe,1,2.18,9.09,5.48,,4.99522,17.05968,TRUE,4.12621,8.47308,TRUE,58.75511,False,
578518-mythen_summed.xye,Phe,1.25,2.18,9.09,5.48,,4.99579,17.06386,TRUE,4.12678,8.47317,TRUE,57.36999,False,
578519-mythen_summed.xye,Phe,1.5,2.18,9.09,5.48,,4.996,17.06653,TRUE,4.12689,8.47417,TRUE,63.31465,False,
578863-mythen_summed.xye,Phe,0,2.18,9.09,5.48,,4.99504,17.06757,TRUE,4.12609,8.47346,TRUE,64.29917,False,
578864-mythen_summed.xye,Phe,0.1,2.18,9.09,5.48,,4.9962,17.06968,TRUE,4.12815,8.47265,TRUE,61.54235,False,
578865-mythen_summed.xye,Phe,0.25,2.18,9.09,5.48,,4.99126,17.06443,TRUE,,,FALSE,58.95596,False,
578866-mythen_summed.xye,Phe,0.5,2.18,9.09,5.48,,4.99519,17.06023,TRUE,4.12881,8.46977,TRUE,54.65896,False,
578867-mythen_summed.xye,Phe,0.75,2.18,9.09,5.48,,4.99522,17.06207,TRUE,4.12887,8.47016,TRUE,57.9914,False,
578868-mythen_summed.xye,Phe,1,2.18,9.09,5.48,,4.99313,17.06365,TRUE,4.12814,8.46949,TRUE,62.08952,False,
578869-mythen_summed.xye,Phe,1.25,2.18,9.09,5.48,,4.99427,17.06339,TRUE,4.12882,8.46876,TRUE,63.23344,False,
578870-mythen_summed.xye,Phe,1.5,2.18,9.09,5.48,,4.99475,17.06669,TRUE,4.12871,8.47025,TRUE,60.19317,False,
579088-mythen_summed.xye,Phe,0,2.18,9.09,5.48,,4.99512,17.06741,TRUE,4.12902,8.46997,TRUE,61.34746,False,
579089-mythen_summed.xye,Phe,0.1,2.18,9.09,5.48,,4.99503,17.06811,TRUE,4.12847,8.47027,TRUE,59.84945,False,
579090-mythen_summed.xye,Phe,0.25,2.18,9.09,5.48,,4.99609,17.05588,TRUE,,,FALSE,59.22163,False,
579091-mythen_summed.xye,Phe,0.5,2.18,9.09,5.48,,4.99349,17.06044,TRUE,,,FALSE,63.3782,False,
579092-mythen_summed.xye,Phe,0.75,2.18,9.09,5.48,,4.99418,17.06171,TRUE,4.12823,8.47054,TRUE,59.237,False,
578578-mythen_summed.xye,PimAci,0.2,2.18,9.09,5.48,,4.99521,17.06478,TRUE,4.12843,8.47249,TRUE,54.74364,False,
578579-mythen_summed.xye,PimAci,0.3,2.18,9.09,5.48,,4.99411,17.06503,TRUE,4.12821,8.4714,TRUE,56.42714,False,
578580-mythen_summed.xye,PimAci,0.4,4.71,5.58,,,4.99446,17.06508,TRUE,4.12698,8.47265,TRUE,60.21935,False,
578581-mythen_summed.xye,PimAci,0.8,4.71,5.58,,,4.99191,17.07383,TRUE,4.12661,8.47389,TRUE,61.60114,False,
578737-mythen_summed.xye,PimAci,0,4.71,5.58,,,4.99061,17.06573,TRUE,4.12871,8.46861,TRUE,59.08633,False,
578738-mythen_summed.xye,PimAci,0.2,4.71,5.58,,,4.99073,17.063,TRUE,4.12521,8.47076,TRUE,60.59425,False,
578739-mythen_summed.xye,PimAci,0.3,4.71,5.58,,,4.99534,17.05617,TRUE,4.12866,8.46735,TRUE,61.82669,False,
578740-mythen_summed.xye,PimAci,0.4,4.71,5.58,,,4.99287,17.06263,TRUE,4.12816,8.47043,TRUE,64.6415,False,
578741-mythen_summed.xye,PimAci,0.5,4.71,5.58,,,4.99215,17.06603,TRUE,4.12774,8.47162,TRUE,100,False,
578742-mythen_summed.xye,PimAci,0.6,4.71,5.58,,,4.99287,17.06729,TRUE,4.12842,8.47225,TRUE,16.15639,False,
578931-mythen_summed.xye,PimAci,0,4.71,5.58,,,4.99445,17.07003,TRUE,,,FALSE,64.03375,False,
578932-mythen_summed.xye,PimAci,0.2,4.71,5.58,,,4.99204,17.06537,TRUE,,,FALSE,64.0649,False,
578933-mythen_summed.xye,PimAci,0.3,4.71,5.58,,,4.99803,17.05664,TRUE,4.12939,8.46994,TRUE,66.48184,False,
578934-mythen_summed.xye,PimAci,0.4,4.71,5.58,,,4.99297,17.06602,TRUE,,,FALSE,70.87625,False,
578935-mythen_summed.xye,PimAci,0.8,4.71,5.58,,,4.99375,17.06629,TRUE,,,FALSE,66.54364,False,
579129-mythen_summed.xye,PimAci,0.2,4.71,5.58,,,4.99312,17.07001,TRUE,,,FALSE,26.75644,False,
578540-mythen_summed.xye,Pro,0,4.71,5.58,,,4.99276,17.06667,TRUE,4.12888,8.47123,TRUE,60.32286,False,
578542-mythen_summed.xye,Pro,0.5,4.71,5.58,,,4.99124,17.05988,TRUE,4.13025,8.50111,TRUE,58.88427,False,
578543-mythen_summed.xye,Pro,0.75,1.95,10.47,6.3,,4.99435,17.05954,TRUE,4.12828,8.46978,TRUE,58.46187,False,
578544-mythen_summed.xye,Pro,1,1.95,10.47,6.3,,4.99463,17.06013,TRUE,4.12856,8.46924,TRUE,61.78202,False,
578545-mythen_summed.xye,Pro,1.25,1.95,10.47,6.3,,4.99586,17.06084,TRUE,4.12737,8.47244,TRUE,61.10731,False,
578546-mythen_summed.xye,Pro,1.5,1.95,10.47,6.3,,4.9939,17.06268,TRUE,4.12843,8.46954,TRUE,57.72289,False,
578547-mythen_summed.xye,Pro,2,1.95,10.47,6.3,,4.99493,17.06568,TRUE,4.1287,8.46969,TRUE,56.51383,False,
578709-mythen_summed.xye,Pro,0,1.95,10.47,6.3,,4.99432,17.06564,TRUE,4.12803,8.4707,TRUE,57.32472,False,
578710-mythen_summed.xye,Pro,0.25,1.95,10.47,6.3,,4.99583,17.06534,TRUE,4.12697,8.47271,TRUE,59.07631,False,
578711-mythen_summed.xye,Pro,0.5,1.95,10.47,6.3,,4.99598,17.05704,TRUE,4.12754,8.47164,TRUE,60.79056,False,
578712-mythen_summed.xye,Pro,0.75,1.95,10.47,6.3,,4.99759,17.05618,TRUE,4.12778,8.47259,TRUE,57.42235,False,
578713-mythen_summed.xye,Pro,1,1.95,10.47,6.3,,4.9974,17.05728,TRUE,4.1278,8.47291,TRUE,59.53704,False,
578714-mythen_summed.xye,Pro,1.25,1.95,10.47,6.3,,4.99629,17.05923,TRUE,4.12747,8.47264,TRUE,55.84187,False,
578715-mythen_summed.xye,Pro,1.5,1.95,10.47,6.3,,4.99659,17.0609,TRUE,4.12763,8.47233,TRUE,55.31007,False,
578716-mythen_summed.xye,Pro,1.75,1.95,10.47,6.3,,4.99672,17.06009,TRUE,4.12721,8.4717,TRUE,56.32719,False,
578717-mythen_summed.xye,Pro,2,1.95,10.47,6.3,,4.99715,17.06102,TRUE,4.12823,8.47099,TRUE,55.06647,False,
578893-mythen_summed.xye,Pro,0,1.95,10.47,6.3,,4.99708,17.06382,TRUE,4.12741,8.47283,TRUE,77.20919,False,
578894-mythen_summed.xye,Pro,0.25,1.95,10.47,6.3,,4.99683,17.06404,TRUE,4.12754,8.4716,TRUE,57.45363,False,
578895-mythen_summed.xye,Pro,0.5,1.95,10.47,6.3,,4.99943,17.0565,TRUE,4.12724,8.47615,TRUE,71.32653,False,
578896-mythen_summed.xye,Pro,0.75,1.95,10.47,6.3,,4.99752,17.05497,TRUE,4.12733,8.47311,TRUE,68.75881,False,
578897-mythen_summed.xye,Pro,1,1.95,10.47,6.3,,4.99868,17.06037,TRUE,4.12819,8.47462,TRUE,63.58223,False,
578898-mythen_summed.xye,Pro,1.25,1.95,10.47,6.3,,4.99764,17.06198,TRUE,4.12787,8.47529,TRUE,76.80664,False,
578899-mythen_summed.xye,Pro,1.5,1.95,10.47,6.3,,4.99791,17.06218,TRUE,4.12807,8.47426,TRUE,62.78097,False,
578900-mythen_summed.xye,Pro,1.75,1.95,10.47,6.3,,4.99765,17.06679,TRUE,4.12859,8.47437,TRUE,62.74171,False,
578901-mythen_summed.xye,Pro,2,1.95,10.47,6.3,,4.99722,17.06405,TRUE,4.12761,8.47435,TRUE,64.13382,False,
579103-mythen_summed.xye,Pro,0.25,1.95,10.47,6.3,,4.99752,17.06657,TRUE,4.12794,8.47413,TRUE,55.03549,False,
579104-mythen_summed.xye,Pro,0.5,1.95,10.47,6.3,,4.99737,17.06748,TRUE,4.12896,8.47288,TRUE,57.01256,False,
579105-mythen_summed.xye,Pro,0.75,1.95,10.47,6.3,,4.9968,17.05984,TRUE,4.12741,8.47293,TRUE,55.86012,False,
579106-mythen_summed.xye,Pro,1.5,1.95,10.47,6.3,,4.99716,17.05938,TRUE,4.128,8.4723,TRUE,55.94773,False,
578452-mythen_summed.xye,Ser,0,1.95,10.47,6.3,,4.99625,17.06043,TRUE,4.12695,8.47402,TRUE,58.47517,True,
578453-mythen_summed.xye,Ser,0.25,1.95,10.47,6.3,,4.99685,17.06368,TRUE,4.12744,8.47319,TRUE,57.10115,True,
578454-mythen_summed.xye,Ser,0.5,2.13,9.05,5.68,,4.99621,17.05558,TRUE,,,FALSE,68.92006,True,
578455-mythen_summed.xye,Ser,0.75,2.13,9.05,5.68,,4.99505,17.07204,TRUE,4.1287,8.4716,TRUE,55.81319,True,
578456-mythen_summed.xye,Ser,1,2.13,9.05,5.68,,4.99698,17.07536,TRUE,4.1272,8.47664,TRUE,56.30692,True,
578457-mythen_summed.xye,Ser,1.25,2.13,9.05,5.68,,4.99512,17.07825,TRUE,4.12812,8.47145,TRUE,57.14227,True,
578458-mythen_summed.xye,Ser,1.5,2.13,9.05,5.68,,4.994,17.07085,TRUE,4.12726,8.47344,TRUE,72.43947,True,
578459-mythen_summed.xye,Ser,1.75,2.13,9.05,5.68,,4.99433,17.07561,TRUE,4.12792,8.47149,TRUE,58.71837,True,
578460-mythen_summed.xye,Ser,2,2.13,9.05,5.68,,4.99427,17.07785,TRUE,4.1285,8.47217,TRUE,60.06001,True,
578631-mythen_summed.xye,Ser,0,2.13,9.05,5.68,,4.99307,17.07698,TRUE,4.12933,8.47043,TRUE,60.7544,True,
578632-mythen_summed.xye,Ser,0.25,2.13,9.05,5.68,,4.99256,17.07366,TRUE,4.12921,8.46914,TRUE,56.34243,True,
578634-mythen_summed.xye,Ser,0.75,2.13,9.05,5.68,,4.99334,17.06275,TRUE,4.12545,8.47715,TRUE,57.81033,True,
578635-mythen_summed.xye,Ser,1,2.13,9.05,5.68,,4.99481,17.06308,TRUE,4.12683,8.47326,TRUE,54.6551,True,
578636-mythen_summed.xye,Ser,1.25,2.13,9.05,5.68,,4.99335,17.06373,TRUE,4.12678,8.47398,TRUE,56.56735,True,
578638-mythen_summed.xye,Ser,1.75,2.13,9.05,5.68,,4.99514,17.06029,TRUE,4.1272,8.47303,TRUE,60.3899,True,
578639-mythen_summed.xye,Ser,2,2.13,9.05,5.68,,4.99094,17.06597,TRUE,4.12703,8.47538,TRUE,58.38879,True,
578997-mythen_summed.xye,Ser,0,2.13,9.05,5.68,,4.99663,17.05419,TRUE,4.12709,8.4769,TRUE,63.49155,True,
578998-mythen_summed.xye,Ser,0.25,2.13,9.05,5.68,,5.01243,17.00755,TRUE,4.12821,8.47252,TRUE,56.73554,True,
578999-mythen_summed.xye,Ser,0.5,2.13,9.05,5.68,,4.99714,17.05973,TRUE,4.12978,8.46952,TRUE,55.39794,True,
579000-mythen_summed.xye,Ser,0.75,2.13,9.05,5.68,,4.99331,17.06655,TRUE,4.12884,8.4681,TRUE,58.64851,True,
579001-mythen_summed.xye,Ser,1,2.13,9.05,5.68,,4.99713,17.05452,TRUE,4.1276,8.47169,TRUE,61.18677,True,
579002-mythen_summed.xye,Ser,1.25,2.13,9.05,5.68,,4.99515,17.07842,TRUE,4.12953,8.47069,TRUE,54.94312,True,
579003-mythen_summed.xye,Ser,1.5,2.13,9.05,5.68,,4.99478,17.08019,TRUE,4.12985,8.47167,TRUE,56.83759,True,
579157-mythen_summed.xye,Ser,0,2.13,9.05,5.68,,4.99278,17.07279,TRUE,4.1292,8.46965,TRUE,57.30401,True,
579158-mythen_summed.xye,Ser,0.25,2.13,9.05,5.68,,4.99436,17.07812,TRUE,4.12955,8.47049,TRUE,57.53084,True,
579159-mythen_summed.xye,Ser,0.5,2.13,9.05,5.68,,4.99762,17.05538,TRUE,4.12857,8.47105,TRUE,54.58427,True,
579160-mythen_summed.xye,Ser,0.75,2.13,9.05,5.68,,4.997,17.06713,TRUE,4.12881,8.47153,TRUE,55.7188,True,
579161-mythen_summed.xye,Ser,1,2.13,9.05,5.68,,4.99616,17.06847,TRUE,4.12804,8.47064,TRUE,57.5616,True,
579162-mythen_summed.xye,Ser,1.25,2.13,9.05,5.68,,4.99531,17.07674,TRUE,4.12816,8.47134,TRUE,55.09642,True,
579163-mythen_summed.xye,Ser,1.5,2.13,9.05,5.68,,4.99467,17.0747,TRUE,4.12863,8.47202,TRUE,56.88424,True,
579165-mythen_summed.xye,Ser,2,2.13,9.05,5.68,,4.99341,17.07102,TRUE,4.12818,8.47028,TRUE,55.72493,True,
578563-mythen_summed.xye,SucAci,0,2.13,9.05,5.68,,4.99301,17.07124,TRUE,4.12766,8.47268,TRUE,60.40457,False,
578564-mythen_summed.xye,SucAci,0.25,2.13,9.05,5.68,,4.9928,17.07305,TRUE,4.12825,8.47114,TRUE,60.65637,False,
578725-mythen_summed.xye,SucAci,0,4.21,5.64,,,4.99805,17.05271,TRUE,4.12525,8.47455,TRUE,58.64909,False,
578726-mythen_summed.xye,SucAci,0.25,4.21,5.64,,,4.9928,17.07939,TRUE,,,FALSE,71.07911,False,
578918-mythen_summed.xye,SucAci,0,4.21,5.64,,,4.99744,17.05398,TRUE,4.12743,8.47115,TRUE,63.28414,False,
578919-mythen_summed.xye,SucAci,0.25,4.21,5.64,,,4.99442,17.07864,TRUE,,,FALSE,65.05387,False,
578920-mythen_summed.xye,SucAci,0.5,4.21,5.64,,,4.99072,17.06604,TRUE,4.12719,8.47159,TRUE,82.33263,False,
578921-mythen_summed.xye,SucAci,0.75,4.21,5.64,,,4.99122,17.06737,TRUE,4.12738,8.47265,TRUE,58.44931,False,
578922-mythen_summed.xye,SucAci,1,4.21,5.64,,,4.99771,17.06389,TRUE,4.12663,8.48073,TRUE,65.79081,False,
578923-mythen_summed.xye,SucAci,1.25,4.21,5.64,,,4.99707,17.06203,TRUE,4.12584,8.47997,TRUE,60.22068,False,
578924-mythen_summed.xye,SucAci,1.5,4.21,5.64,,,4.99143,17.06787,TRUE,4.12774,8.47282,TRUE,59.14481,False,
578925-mythen_summed.xye,SucAci,1.75,4.21,5.64,,,4.9952,17.06031,TRUE,4.12597,8.47609,TRUE,57.56952,False,
578926-mythen_summed.xye,SucAci,2,4.21,5.64,,,4.99521,17.05888,TRUE,4.1286,8.47026,TRUE,69.35644,False,
579122-mythen_summed.xye,SucAci,0,4.21,5.64,,,4.99476,17.05719,TRUE,4.12812,8.46911,TRUE,60.75348,False,
578462-mythen_summed.xye,Thr,0,4.21,5.64,,,4.99626,17.05975,TRUE,4.12596,8.48098,TRUE,56.80557,False,
578463-mythen_summed.xye,Thr,0.25,4.21,5.64,,,4.99831,17.05455,TRUE,4.12869,8.4693,TRUE,54.89799,False,
578465-mythen_summed.xye,Thr,0.75,2.2,8.96,5.6,,4.99763,17.05362,TRUE,4.1258,8.47447,TRUE,55.28976,False,
578466-mythen_summed.xye,Thr,1,2.2,8.96,5.6,,4.99587,17.06632,TRUE,4.12735,8.47147,TRUE,58.03719,False,
578467-mythen_summed.xye,Thr,1.25,2.2,8.96,5.6,,4.99525,17.07624,TRUE,4.12655,8.47344,TRUE,55.27441,False,
578468-mythen_summed.xye,Thr,1.5,2.2,8.96,5.6,,4.995,17.07395,TRUE,4.12767,8.47377,TRUE,57.44961,False,
578469-mythen_summed.xye,Thr,1.75,2.2,8.96,5.6,,4.99415,17.0796,TRUE,4.12644,8.47403,TRUE,56.59488,False,
578470-mythen_summed.xye,Thr,2,2.2,8.96,5.6,,4.99352,17.07714,TRUE,4.12814,8.47309,TRUE,55.84253,False,
578641-mythen_summed.xye,Thr,0,2.2,8.96,5.6,,4.99421,17.07936,TRUE,4.12756,8.4732,TRUE,55.94657,False,
578642-mythen_summed.xye,Thr,0.25,2.2,8.96,5.6,,4.99367,17.07483,TRUE,4.12729,8.47271,TRUE,55.8242,False,
578643-mythen_summed.xye,Thr,0.5,2.2,8.96,5.6,,4.99618,17.05614,TRUE,4.12828,8.46966,TRUE,56.32958,False,
578644-mythen_summed.xye,Thr,0.75,2.2,8.96,5.6,,4.99621,17.06433,TRUE,4.12835,8.4701,TRUE,56.12574,False,
578645-mythen_summed.xye,Thr,1,2.2,8.96,5.6,,4.99545,17.0803,TRUE,4.12795,8.47209,TRUE,58.09121,False,
578646-mythen_summed.xye,Thr,1.25,2.2,8.96,5.6,,4.99554,17.07959,TRUE,4.12834,8.47148,TRUE,53.95939,False,
578647-mythen_summed.xye,Thr,1.5,2.2,8.96,5.6,,4.99531,17.08215,TRUE,4.12801,8.47234,TRUE,54.06989,False,
578648-mythen_summed.xye,Thr,1.75,2.2,8.96,5.6,,4.99443,17.08409,TRUE,4.12795,8.47257,TRUE,55.49703,False,
578649-mythen_summed.xye,Thr,2,2.2,8.96,5.6,,4.99426,17.0801,TRUE,4.12807,8.47119,TRUE,55.19884,False,
578797-mythen_summed.xye,Thr,0,2.2,8.96,5.6,,4.99373,17.07863,TRUE,4.12762,8.47309,TRUE,60.31511,False,
578798-mythen_summed.xye,Thr,0.25,2.2,8.96,5.6,,4.99407,17.0792,TRUE,4.12776,8.47307,TRUE,60.57275,False,
578799-mythen_summed.xye,Thr,0.5,2.2,8.96,5.6,,4.99349,17.06231,TRUE,,,FALSE,59.84631,False,
578800-mythen_summed.xye,Thr,0.75,2.2,8.96,5.6,,4.99581,17.06805,TRUE,4.12885,8.47075,TRUE,60.40672,False,
578801-mythen_summed.xye,Thr,1,2.2,8.96,5.6,,4.99443,17.07587,TRUE,4.129,8.47146,TRUE,59.91796,False,
578802-mythen_summed.xye,Thr,1.25,2.2,8.96,5.6,,4.9964,17.08147,TRUE,4.12963,8.47199,TRUE,54.65344,False,
578803-mythen_summed.xye,Thr,1.5,2.2,8.96,5.6,,4.99543,17.0814,TRUE,4.12894,8.47231,TRUE,54.46448,False,
578804-mythen_summed.xye,Thr,1.75,2.2,8.96,5.6,,4.99452,17.07898,TRUE,4.12799,8.47213,TRUE,54.8348,False,
578805-mythen_summed.xye,Thr,2,2.2,8.96,5.6,,4.99468,17.08102,TRUE,4.12811,8.47158,TRUE,55.41629,False,
578520-mythen_summed.xye,Trp,0,2.2,8.96,5.6,,4.99418,17.07911,TRUE,4.12814,8.47186,TRUE,62.88796,False,
578521-mythen_summed.xye,Trp,0.1,2.2,8.96,5.6,,4.99244,17.0742,TRUE,4.12841,8.47138,TRUE,58.90369,False,
578522-mythen_summed.xye,Trp,0.2,2.2,8.96,5.6,,4.99707,17.05566,TRUE,4.12696,8.47239,TRUE,58.23419,False,
578523-mythen_summed.xye,Trp,0.25,2.2,8.96,5.6,,4.99615,17.066,TRUE,4.12659,8.47635,TRUE,66.20038,False,
578524-mythen_summed.xye,Trp,0.3,2.2,8.96,5.6,,4.99607,17.07198,TRUE,4.12673,8.47263,TRUE,58.18765,False,
578525-mythen_summed.xye,Trp,0.35,2.2,8.96,5.6,,4.99539,17.07504,TRUE,4.12717,8.4731,TRUE,56.38217,False,
578526-mythen_summed.xye,Trp,0.4,2.2,8.96,5.6,,4.99459,17.0782,TRUE,4.12647,8.47367,TRUE,58.89734,False,
578527-mythen_summed.xye,Trp,0.45,2.2,8.96,5.6,,4.99354,17.07347,TRUE,4.12699,8.47337,TRUE,61.91787,False,
578528-mythen_summed.xye,Trp,0.5,2.2,8.96,5.6,,4.99387,17.07159,TRUE,4.12716,8.4721,TRUE,56.75494,False,
578691-mythen_summed.xye,Trp,0,2.2,8.96,5.6,,4.99387,17.07392,TRUE,4.12687,8.47433,TRUE,58.1712,False,
578692-mythen_summed.xye,Trp,0.1,2.38,9.34,5.89,,4.99514,17.06117,TRUE,4.12882,8.47064,TRUE,58.96646,False,
578693-mythen_summed.xye,Trp,0.2,2.38,9.34,5.89,,4.99705,17.05754,TRUE,4.12826,8.47072,TRUE,55.18678,False,
578694-mythen_summed.xye,Trp,0.25,2.38,9.34,5.89,,4.9962,17.05812,TRUE,4.12811,8.47117,TRUE,55.95888,False,
578695-mythen_summed.xye,Trp,0.3,2.38,9.34,5.89,,4.99692,17.062,TRUE,4.12861,8.47454,TRUE,57.38851,False,
578696-mythen_summed.xye,Trp,0.35,2.38,9.34,5.89,,4.99615,17.05931,TRUE,4.1283,8.47145,TRUE,56.59486,False,
578697-mythen_summed.xye,Trp,0.4,2.38,9.34,5.89,,4.9947,17.06207,TRUE,4.12846,8.47002,TRUE,57.13214,False,
578698-mythen_summed.xye,Trp,0.45,2.38,9.34,5.89,,4.9963,17.06103,TRUE,4.12838,8.47094,TRUE,57.01016,False,
578699-mythen_summed.xye,Trp,0.5,2.38,9.34,5.89,,4.99655,17.06161,TRUE,4.12875,8.47091,TRUE,56.10358,False,
578873-mythen_summed.xye,Trp,0,2.38,9.34,5.89,,4.99658,17.06111,TRUE,4.12805,8.47148,TRUE,55.6376,False,
578874-mythen_summed.xye,Trp,0.1,2.38,9.34,5.89,,4.99569,17.05832,TRUE,4.12757,8.47162,TRUE,56.30274,False,
578875-mythen_summed.xye,Trp,0.2,2.38,9.34,5.89,,4.99624,17.06889,TRUE,4.12775,8.47387,TRUE,60.92322,False,
578876-mythen_summed.xye,Trp,0.25,2.38,9.34,5.89,,4.99581,17.07006,TRUE,4.1272,8.47442,TRUE,57.49987,False,
578877-mythen_summed.xye,Trp,0.3,2.38,9.34,5.89,,4.99563,17.0812,TRUE,4.12684,8.47441,TRUE,56.79918,False,
578878-mythen_summed.xye,Trp,0.35,2.38,9.34,5.89,,4.99633,17.08318,TRUE,4.1274,8.47477,TRUE,56.50056,False,
578879-mythen_summed.xye,Trp,0.4,2.38,9.34,5.89,,4.99412,17.08337,TRUE,4.12712,8.47397,TRUE,55.53659,False,
578880-mythen_summed.xye,Trp,0.45,2.38,9.34,5.89,,4.99464,17.08662,TRUE,4.12763,8.475,TRUE,55.91814,False,
578881-mythen_summed.xye,Trp,0.5,2.38,9.34,5.89,,4.99429,17.08939,TRUE,4.12711,8.47436,TRUE,54.87419,False,
578482-mythen_summed.xye,Val,0,2.38,9.34,5.89,,4.9933,17.08348,TRUE,4.12809,8.47289,TRUE,59.65616,False,
578483-mythen_summed.xye,Val,0.25,2.38,9.34,5.89,,4.99693,17.05435,TRUE,4.12764,8.47187,TRUE,60.13784,False,
578484-mythen_summed.xye,Val,0.5,2.38,9.34,5.89,,4.99642,17.05623,TRUE,4.12772,8.47106,TRUE,54.7134,False,
578485-mythen_summed.xye,Val,0.75,2.38,9.34,5.89,,4.99439,17.06412,TRUE,4.12824,8.47117,TRUE,59.76458,False,
578486-mythen_summed.xye,Val,1,2.38,9.34,5.89,,4.99606,17.05711,TRUE,4.1277,8.47066,TRUE,62.38772,False,
578487-mythen_summed.xye,Val,1.25,2.38,9.34,5.89,,4.99622,17.05804,TRUE,4.12767,8.47202,TRUE,58.74186,False,
578488-mythen_summed.xye,Val,1.5,2.38,9.34,5.89,,4.99573,17.05774,TRUE,4.12763,8.47085,TRUE,65.38941,False,
578489-mythen_summed.xye,Val,1.75,2.38,9.34,5.89,,4.99643,17.05994,TRUE,4.12822,8.47081,TRUE,59.09306,False,
578490-mythen_summed.xye,Val,2,2.38,9.34,5.89,,4.99656,17.05768,TRUE,4.12746,8.47122,TRUE,58.67878,False,
578666-mythen_summed.xye,Val,0,2.38,9.34,5.89,,4.99589,17.06014,TRUE,4.12752,8.47138,TRUE,59.1326,False,
578667-mythen_summed.xye,Val,0.25,2.27,9.52,5.96,,4.99665,17.05935,TRUE,,,FALSE,59.42286,False,
578668-mythen_summed.xye,Val,0.5,2.27,9.52,5.96,,4.99207,17.06176,TRUE,4.12813,8.46788,TRUE,79.0444,False,
578669-mythen_summed.xye,Val,0.75,2.27,9.52,5.96,,4.99623,17.05723,TRUE,4.12749,8.47215,TRUE,59.49418,False,
578670-mythen_summed.xye,Val,1,2.27,9.52,5.96,,4.99554,17.05041,TRUE,,,FALSE,61.3888,False,
578671-mythen_summed.xye,Val,1.25,2.27,9.52,5.96,,4.99483,17.06789,TRUE,4.12597,8.47934,TRUE,61.71259,False,
578672-mythen_summed.xye,Val,1.5,2.27,9.52,5.96,,4.99551,17.06451,TRUE,4.12796,8.47061,TRUE,64.1391,False,
578673-mythen_summed.xye,Val,1.75,2.27,9.52,5.96,,4.99677,17.06258,TRUE,,,FALSE,61.15567,False,
578674-mythen_summed.xye,Val,2,2.27,9.52,5.96,,4.99593,17.06006,TRUE,4.12779,8.47056,TRUE,61.51089,False,
578834-mythen_summed.xye,Val,0,2.27,9.52,5.96,,4.99513,17.06001,TRUE,4.12706,8.47142,TRUE,61.23157,False,
578835-mythen_summed.xye,Val,0.25,2.27,9.52,5.96,,4.99551,17.06148,TRUE,4.1275,8.47196,TRUE,57.14635,False,
578836-mythen_summed.xye,Val,0.5,2.27,9.52,5.96,,4.99636,17.06141,TRUE,4.12847,8.47224,TRUE,58.89021,False,
578837-mythen_summed.xye,Val,0.75,2.27,9.52,5.96,,4.99769,17.06435,TRUE,,,FALSE,57.53627,False,
578838-mythen_summed.xye,Val,1,2.27,9.52,5.96,,4.99531,17.06053,TRUE,4.12779,8.47182,TRUE,67.20039,False,
578839-mythen_summed.xye,Val,1.25,2.27,9.52,5.96,,4.99517,17.06005,TRUE,4.12799,8.47008,TRUE,59.04989,False,
578840-mythen_summed.xye,Val,1.5,2.27,9.52,5.96,,4.99475,17.06226,TRUE,4.12818,8.47082,TRUE,61.85275,False,
578841-mythen_summed.xye,Val,1.75,2.27,9.52,5.96,,4.99603,17.0644,TRUE,4.12859,8.47211,TRUE,62.72725,False,
578842-mythen_summed.xye,Val,2,2.27,9.52,5.96,,4.99579,17.06246,TRUE,4.12775,8.47226,TRUE,63.68085,False,
579048-mythen_summed.xye,Val,0,2.27,9.52,5.96,,4.99539,17.06241,TRUE,4.12774,8.47177,TRUE,61.0189,False,
579049-mythen_summed.xye,Val,0.25,2.27,9.52,5.96,,4.99144,17.06551,TRUE,,,FALSE,65.56016,False,
579050-mythen_summed.xye,Val,0.5,2.27,9.52,5.96,,4.99651,17.05778,TRUE,4.12863,8.46953,TRUE,58.54607,False,
579051-mythen_summed.xye,Val,0.75,2.27,9.52,5.96,,4.99698,17.05902,TRUE,4.12797,8.47287,TRUE,59.90084,False,
579052-mythen_summed.xye,Val,1,2.27,9.52,5.96,,4.99629,17.05948,TRUE,4.12742,8.47265,TRUE,60.60255,False,
579053-mythen_summed.xye,Val,1.25,2.27,9.52,5.96,,4.99512,17.06595,TRUE,4.1294,8.47054,TRUE,62.09825,False,
579054-mythen_summed.xye,Val,1.5,2.27,9.52,5.96,,4.99655,17.06106,TRUE,4.12748,8.47427,TRUE,63.07961,False,
579055-mythen_summed.xye,Val,1.75,2.27,9.52,5.96,,4.99363,17.06409,TRUE,4.12883,8.46798,TRUE,60.70631,False,
579056-mythen_summed.xye,Val,2,2.27,9.52,5.96,,4.99398,17.06499,TRUE,4.12887,8.46865,TRUE,59.68201,False,
,,,2.27,9.52,5.96,,4.99412,17.06635,TRUE,4.12906,8.46895,TRUE,,False,
,,,2.27,9.52,5.96,,4.99426,17.05874,TRUE,4.12795,8.47024,TRUE,,False,
,,,2.27,9.52,5.96,,4.99631,17.06464,TRUE,4.12912,8.47125,TRUE,,False,
,,,2.27,9.52,5.96,,4.99473,17.05903,TRUE,4.1281,8.46923,TRUE,,False,
,,,2.27,9.52,5.96,,4.99539,17.05904,TRUE,4.12824,8.46972,TRUE,,False,
,,,2.27,9.52,5.96,,4.99514,17.06097,TRUE,,,FALSE,,False,
,,,2.27,9.52,5.96,,4.99645,17.06154,TRUE,,,FALSE,,False,
,,,2.27,9.52,5.96,,4.99549,17.06322,TRUE,4.1287,8.47099,TRUE,,False,
,,,2.27,9.52,5.96,,4.99542,17.06207,TRUE,,,FALSE,,False,
,,,2.27,9.52,5.96,,4.99492,17.06101,TRUE,4.12805,8.46938,TRUE,,False,
